,name,scores,latitude,longitude,url
0,CARD Hôtel,"9,0",48.6463114,7.3951882,https://www.booking.com/hotel/fr/card.fr.html?label=fr-fr-booking-desktop-DCpBIW3k2*WIo8XuzMdB9AS652796013276%3Apl%3Ata%3Ap1%3Ap2%3Aac%3Aap%3Aneg%3Afi%3Atikwd-65526620%3Alp9056191%3Ali%3Adec%3Adm&aid=2311236&ucfs=1&arphpl=1&checkin=2023-12-11&checkout=2023-12-16&dest_id=73&dest_type=country&group_adults=2&req_adults=2&no_rooms=1&group_children=0&req_children=0&hpos=1&hapos=1&sr_order=popularity&nflt=ht_id%3D204&srpvid=34099af1a98a02df&srepoch=1700690534&all_sr_blocks=995965303_372483482_0_2_0&highlighted_blocks=995965303_372483482_0_2_0&matching_block_id=995965303_372483482_0_2_0&sr_pri_blocks=995965303_372483482_0_2_0__129350&from_sustainable_property_sr=1&from=searchresults#hotelTmpl
1,Campanile Bordeaux Ouest - Mérignac Aéroport,"7,8",48.6463114,7.3951882,https://www.booking.com/hotel/fr/campanile-bordeaux-merignac.fr.html?label=fr-fr-booking-desktop-DCpBIW3k2*WIo8XuzMdB9AS652796013276%3Apl%3Ata%3Ap1%3Ap2%3Aac%3Aap%3Aneg%3Afi%3Atikwd-65526620%3Alp9056191%3Ali%3Adec%3Adm&aid=2311236&ucfs=1&arphpl=1&checkin=2023-12-11&checkout=2023-12-16&dest_id=73&dest_type=country&group_adults=2&req_adults=2&no_rooms=1&group_children=0&req_children=0&hpos=2&hapos=2&sr_order=popularity&nflt=ht_id%3D204&srpvid=34099af1a98a02df&srepoch=1700690534&all_sr_blocks=21943804_250732627_2_42_0&highlighted_blocks=21943804_250732627_2_42_0&matching_block_id=21943804_250732627_2_42_0&sr_pri_blocks=21943804_250732627_2_42_0__37600&from=searchresults#hotelTmpl
2,"The Originals City, Hôtel L'Hippocampe, Sète Balaruc-le-Vieux","8,0",48.6463114,7.3951882,https://www.booking.com/hotel/fr/hotelkyriadsetebalaruc.fr.html?label=fr-fr-booking-desktop-DCpBIW3k2*WIo8XuzMdB9AS652796013276%3Apl%3Ata%3Ap1%3Ap2%3Aac%3Aap%3Aneg%3Afi%3Atikwd-65526620%3Alp9056191%3Ali%3Adec%3Adm&aid=2311236&ucfs=1&arphpl=1&checkin=2023-12-11&checkout=2023-12-16&dest_id=73&dest_type=country&group_adults=2&req_adults=2&no_rooms=1&group_children=0&req_children=0&hpos=3&hapos=3&sr_order=popularity&nflt=ht_id%3D204&srpvid=34099af1a98a02df&srepoch=1700690534&all_sr_blocks=5188301_380129936_2_2_0&highlighted_blocks=5188301_380129936_2_2_0&matching_block_id=5188301_380129936_2_2_0&sr_pri_blocks=5188301_380129936_2_2_0__36680&from_sustainable_property_sr=1&from=searchresults#hotelTmpl
3,Chateau de Briançon,"8,9",48.6463114,7.3951882,https://www.booking.com/hotel/fr/chateau-de-briancon.fr.html?label=fr-fr-booking-desktop-DCpBIW3k2*WIo8XuzMdB9AS652796013276%3Apl%3Ata%3Ap1%3Ap2%3Aac%3Aap%3Aneg%3Afi%3Atikwd-65526620%3Alp9056191%3Ali%3Adec%3Adm&aid=2311236&ucfs=1&arphpl=1&checkin=2023-12-11&checkout=2023-12-16&dest_id=73&dest_type=country&group_adults=2&req_adults=2&no_rooms=1&group_children=0&req_children=0&hpos=4&hapos=4&sr_order=popularity&nflt=ht_id%3D204&srpvid=34099af1a98a02df&srepoch=1700690534&all_sr_blocks=110526301_99401548_2_2_0&highlighted_blocks=110526301_99401548_2_2_0&matching_block_id=110526301_99401548_2_2_0&sr_pri_blocks=110526301_99401548_2_2_0__34563&from_sustainable_property_sr=1&from=searchresults#hotelTmpl
4,Domitys - L'Atlas,"8,5",48.6463114,7.3951882,https://www.booking.com/hotel/fr/domitys-l-39-atlas.fr.html?label=fr-fr-booking-desktop-DCpBIW3k2*WIo8XuzMdB9AS652796013276%3Apl%3Ata%3Ap1%3Ap2%3Aac%3Aap%3Aneg%3Afi%3Atikwd-65526620%3Alp9056191%3Ali%3Adec%3Adm&aid=2311236&ucfs=1&arphpl=1&checkin=2023-12-11&checkout=2023-12-16&dest_id=73&dest_type=country&group_adults=2&req_adults=2&no_rooms=1&group_children=0&req_children=0&hpos=5&hapos=5&sr_order=popularity&nflt=ht_id%3D204&srpvid=34099af1a98a02df&srepoch=1700690534&all_sr_blocks=657436902_381556842_2_2_0&highlighted_blocks=657436902_381556842_2_2_0&matching_block_id=657436902_381556842_2_2_0&sr_pri_blocks=657436902_381556842_2_2_0__65508&from_sustainable_property_sr=1&from=searchresults#hotelTmpl
5,Hôtel Vauban Briançon Serre Chevalier,"8,3",48.6463114,7.3951882,https://www.booking.com/hotel/fr/vauban.fr.html?label=fr-fr-booking-desktop-DCpBIW3k2*WIo8XuzMdB9AS652796013276%3Apl%3Ata%3Ap1%3Ap2%3Aac%3Aap%3Aneg%3Afi%3Atikwd-65526620%3Alp9056191%3Ali%3Adec%3Adm&aid=2311236&ucfs=1&arphpl=1&checkin=2023-12-11&checkout=2023-12-16&dest_id=73&dest_type=country&group_adults=2&req_adults=2&no_rooms=1&group_children=0&req_children=0&hpos=6&hapos=6&sr_order=popularity&nflt=ht_id%3D204&srpvid=34099af1a98a02df&srepoch=1700690534&all_sr_blocks=5383626_88984624_2_0_0&highlighted_blocks=5383626_88984624_2_0_0&matching_block_id=5383626_88984624_2_0_0&sr_pri_blocks=5383626_88984624_2_0_0__66000&from_sustainable_property_sr=1&from=searchresults#hotelTmpl
6,Hôtel Némo Pau Aéroport,"8,4",48.6463114,7.3951882,https://www.booking.com/hotel/fr/nemo.fr.html?label=fr-fr-booking-desktop-DCpBIW3k2*WIo8XuzMdB9AS652796013276%3Apl%3Ata%3Ap1%3Ap2%3Aac%3Aap%3Aneg%3Afi%3Atikwd-65526620%3Alp9056191%3Ali%3Adec%3Adm&aid=2311236&ucfs=1&arphpl=1&checkin=2023-12-11&checkout=2023-12-16&dest_id=73&dest_type=country&group_adults=2&req_adults=2&no_rooms=1&group_children=0&req_children=0&hpos=7&hapos=7&sr_order=popularity&nflt=ht_id%3D204&srpvid=34099af1a98a02df&srepoch=1700690534&all_sr_blocks=59281605_381555301_2_1_0&highlighted_blocks=59281605_381555301_2_1_0&matching_block_id=59281605_381555301_2_1_0&sr_pri_blocks=59281605_381555301_2_1_0__35500&from_sustainable_property_sr=1&from=searchresults#hotelTmpl
7,Domaine de Saulon,"8,2",48.6463114,7.3951882,https://www.booking.com/hotel/fr/chateau-de-saulon.fr.html?label=fr-fr-booking-desktop-DCpBIW3k2*WIo8XuzMdB9AS652796013276%3Apl%3Ata%3Ap1%3Ap2%3Aac%3Aap%3Aneg%3Afi%3Atikwd-65526620%3Alp9056191%3Ali%3Adec%3Adm&aid=2311236&ucfs=1&arphpl=1&checkin=2023-12-11&checkout=2023-12-16&dest_id=73&dest_type=country&group_adults=2&req_adults=2&no_rooms=1&group_children=0&req_children=0&hpos=8&hapos=8&sr_order=popularity&nflt=ht_id%3D204&srpvid=34099af1a98a02df&srepoch=1700690534&all_sr_blocks=23860124_379530907_0_42_0&highlighted_blocks=23860124_379530907_0_42_0&matching_block_id=23860124_379530907_0_42_0&sr_pri_blocks=23860124_379530907_0_42_0__76925&from_sustainable_property_sr=1&from=searchresults#hotelTmpl
8,Hôtel Brésil Opéra SPA,"8,2",48.6463114,7.3951882,https://www.booking.com/hotel/fr/bresil-opera.fr.html?label=fr-fr-booking-desktop-DCpBIW3k2*WIo8XuzMdB9AS652796013276%3Apl%3Ata%3Ap1%3Ap2%3Aac%3Aap%3Aneg%3Afi%3Atikwd-65526620%3Alp9056191%3Ali%3Adec%3Adm&aid=2311236&ucfs=1&arphpl=1&checkin=2023-12-11&checkout=2023-12-16&dest_id=73&dest_type=country&group_adults=2&req_adults=2&no_rooms=1&group_children=0&req_children=0&hpos=9&hapos=9&sr_order=popularity&nflt=ht_id%3D204&srpvid=34099af1a98a02df&srepoch=1700690534&all_sr_blocks=28711810_95106157_0_0_0&highlighted_blocks=28711810_95106157_0_0_0&matching_block_id=28711810_95106157_0_0_0&sr_pri_blocks=28711810_95106157_0_0_0__109736&from_sustainable_property_sr=1&from=searchresults#hotelTmpl
9,"Hôtel Causse Comtal Rodez, The Originals Relais","8,5",48.6463114,7.3951882,https://www.booking.com/hotel/fr/causse-comtal.fr.html?label=fr-fr-booking-desktop-DCpBIW3k2*WIo8XuzMdB9AS652796013276%3Apl%3Ata%3Ap1%3Ap2%3Aac%3Aap%3Aneg%3Afi%3Atikwd-65526620%3Alp9056191%3Ali%3Adec%3Adm&aid=2311236&ucfs=1&arphpl=1&checkin=2023-12-11&checkout=2023-12-16&dest_id=73&dest_type=country&group_adults=2&req_adults=2&no_rooms=1&group_children=0&req_children=0&hpos=10&hapos=10&sr_order=popularity&nflt=ht_id%3D204&srpvid=34099af1a98a02df&srepoch=1700690534&all_sr_blocks=17746401_88556345_0_42_0&highlighted_blocks=17746401_88556345_0_42_0&matching_block_id=17746401_88556345_0_42_0&sr_pri_blocks=17746401_88556345_0_42_0__53102&from_sustainable_property_sr=1&from=searchresults#hotelTmpl
10,Appart'hotel le Pèlerin,"8,4",48.6463114,7.3951882,https://www.booking.com/hotel/fr/tara.fr.html?label=fr-fr-booking-desktop-DCpBIW3k2*WIo8XuzMdB9AS652796013276%3Apl%3Ata%3Ap1%3Ap2%3Aac%3Aap%3Aneg%3Afi%3Atikwd-65526620%3Alp9056191%3Ali%3Adec%3Adm&aid=2311236&ucfs=1&arphpl=1&checkin=2023-12-11&checkout=2023-12-16&dest_id=73&dest_type=country&group_adults=2&req_adults=2&no_rooms=1&group_children=0&req_children=0&hpos=11&hapos=11&sr_order=popularity&nflt=ht_id%3D204&srpvid=34099af1a98a02df&srepoch=1700690534&all_sr_blocks=41480705_104169042_4_2_0&highlighted_blocks=41480705_104169042_4_2_0&matching_block_id=41480705_104169042_4_2_0&sr_pri_blocks=41480705_104169042_4_2_0__51300&from=searchresults#hotelTmpl
11,Paxton Paris MLV,"8,0",48.6463114,7.3951882,https://www.booking.com/hotel/fr/paxton-residence-spa.fr.html?label=fr-fr-booking-desktop-DCpBIW3k2*WIo8XuzMdB9AS652796013276%3Apl%3Ata%3Ap1%3Ap2%3Aac%3Aap%3Aneg%3Afi%3Atikwd-65526620%3Alp9056191%3Ali%3Adec%3Adm&aid=2311236&ucfs=1&arphpl=1&checkin=2023-12-11&checkout=2023-12-16&dest_id=73&dest_type=country&group_adults=2&req_adults=2&no_rooms=1&group_children=0&req_children=0&hpos=12&hapos=12&sr_order=popularity&nflt=ht_id%3D204&srpvid=34099af1a98a02df&srepoch=1700690534&all_sr_blocks=5426314_91902903_2_2_0&highlighted_blocks=5426314_91902903_2_2_0&matching_block_id=5426314_91902903_2_2_0&sr_pri_blocks=5426314_91902903_2_2_0__70880&from_sustainable_property_sr=1&from=searchresults#hotelTmpl
12,La Maison Verneuil,"8,7",48.6463114,7.3951882,https://www.booking.com/hotel/fr/quarre-de-verneuil.fr.html?label=fr-fr-booking-desktop-DCpBIW3k2*WIo8XuzMdB9AS652796013276%3Apl%3Ata%3Ap1%3Ap2%3Aac%3Aap%3Aneg%3Afi%3Atikwd-65526620%3Alp9056191%3Ali%3Adec%3Adm&aid=2311236&ucfs=1&arphpl=1&checkin=2023-12-11&checkout=2023-12-16&dest_id=73&dest_type=country&group_adults=2&req_adults=2&no_rooms=1&group_children=0&req_children=0&hpos=13&hapos=13&sr_order=popularity&nflt=ht_id%3D204&srpvid=34099af1a98a02df&srepoch=1700690534&all_sr_blocks=476370319_380548582_4_2_0&highlighted_blocks=476370319_380548582_4_2_0&matching_block_id=476370319_380548582_4_2_0&sr_pri_blocks=476370319_380548582_4_2_0__36600&from_sustainable_property_sr=1&from=searchresults#hotelTmpl
13,Fuzei Hôtel Lorient-Lanester,"8,3",48.6463114,7.3951882,https://www.booking.com/hotel/fr/gwenva.fr.html?label=fr-fr-booking-desktop-DCpBIW3k2*WIo8XuzMdB9AS652796013276%3Apl%3Ata%3Ap1%3Ap2%3Aac%3Aap%3Aneg%3Afi%3Atikwd-65526620%3Alp9056191%3Ali%3Adec%3Adm&aid=2311236&ucfs=1&arphpl=1&checkin=2023-12-11&checkout=2023-12-16&dest_id=73&dest_type=country&group_adults=2&req_adults=2&no_rooms=1&group_children=0&req_children=0&hpos=14&hapos=14&sr_order=popularity&nflt=ht_id%3D204&srpvid=34099af1a98a02df&srepoch=1700690534&all_sr_blocks=186952202_357548506_2_34_0&highlighted_blocks=186952202_357548506_2_34_0&matching_block_id=186952202_357548506_2_34_0&sr_pri_blocks=186952202_357548506_2_34_0__42500&from_sustainable_property_sr=1&from=searchresults#hotelTmpl
14,"Brit Hotel, Spa & Restaurant - Colmar Est","8,5",48.6463114,7.3951882,https://www.booking.com/hotel/fr/relais-du-ried.fr.html?label=fr-fr-booking-desktop-DCpBIW3k2*WIo8XuzMdB9AS652796013276%3Apl%3Ata%3Ap1%3Ap2%3Aac%3Aap%3Aneg%3Afi%3Atikwd-65526620%3Alp9056191%3Ali%3Adec%3Adm&aid=2311236&ucfs=1&arphpl=1&checkin=2023-12-11&checkout=2023-12-16&dest_id=73&dest_type=country&group_adults=2&req_adults=2&no_rooms=1&group_children=0&req_children=0&hpos=15&hapos=15&sr_order=popularity&nflt=ht_id%3D204&srpvid=34099af1a98a02df&srepoch=1700690534&all_sr_blocks=5390913_88559342_0_2_0&highlighted_blocks=5390913_88559342_0_2_0&matching_block_id=5390913_88559342_0_2_0&sr_pri_blocks=5390913_88559342_0_2_0__112827&from_sustainable_property_sr=1&from=searchresults#hotelTmpl
15,MOB House,"8,5",48.6463114,7.3951882,https://www.booking.com/hotel/fr/mob-house-paris.fr.html?label=fr-fr-booking-desktop-DCpBIW3k2*WIo8XuzMdB9AS652796013276%3Apl%3Ata%3Ap1%3Ap2%3Aac%3Aap%3Aneg%3Afi%3Atikwd-65526620%3Alp9056191%3Ali%3Adec%3Adm&aid=2311236&ucfs=1&arphpl=1&checkin=2023-12-11&checkout=2023-12-16&dest_id=73&dest_type=country&group_adults=2&req_adults=2&no_rooms=1&group_children=0&req_children=0&hpos=16&hapos=16&sr_order=popularity&nflt=ht_id%3D204&srpvid=34099af1a98a02df&srepoch=1700690534&all_sr_blocks=741767001_329183759_2_2_0&highlighted_blocks=741767001_329183759_2_2_0&matching_block_id=741767001_329183759_2_2_0&sr_pri_blocks=741767001_329183759_2_2_0__61625&from_sustainable_property_sr=1&from=searchresults#hotelTmpl
16,MOB HOTEL Paris Les Puces,"8,0",48.6463114,7.3951882,https://www.booking.com/hotel/fr/mob-paris-les-puces.fr.html?label=fr-fr-booking-desktop-DCpBIW3k2*WIo8XuzMdB9AS652796013276%3Apl%3Ata%3Ap1%3Ap2%3Aac%3Aap%3Aneg%3Afi%3Atikwd-65526620%3Alp9056191%3Ali%3Adec%3Adm&aid=2311236&ucfs=1&arphpl=1&checkin=2023-12-11&checkout=2023-12-16&dest_id=73&dest_type=country&group_adults=2&req_adults=2&no_rooms=1&group_children=0&req_children=0&hpos=17&hapos=17&sr_order=popularity&nflt=ht_id%3D204&srpvid=34099af1a98a02df&srepoch=1700690534&all_sr_blocks=247760201_103125868_2_10_0&highlighted_blocks=247760201_103125868_2_10_0&matching_block_id=247760201_103125868_2_10_0&sr_pri_blocks=247760201_103125868_2_10_0__64350&from_sustainable_property_sr=1&from=searchresults#hotelTmpl
17,Hotel Le Dauphin,"8,3",48.6463114,7.3951882,https://www.booking.com/hotel/fr/du-dauphin-honfleur.fr.html?label=fr-fr-booking-desktop-DCpBIW3k2*WIo8XuzMdB9AS652796013276%3Apl%3Ata%3Ap1%3Ap2%3Aac%3Aap%3Aneg%3Afi%3Atikwd-65526620%3Alp9056191%3Ali%3Adec%3Adm&aid=2311236&ucfs=1&arphpl=1&checkin=2023-12-11&checkout=2023-12-16&dest_id=73&dest_type=country&group_adults=2&req_adults=2&no_rooms=1&group_children=0&req_children=0&hpos=18&hapos=18&sr_order=popularity&nflt=ht_id%3D204&srpvid=34099af1a98a02df&srepoch=1700690534&all_sr_blocks=2251926_258856705_0_2_0&highlighted_blocks=2251926_258856705_0_2_0&matching_block_id=2251926_258856705_0_2_0&sr_pri_blocks=2251926_258856705_0_2_0__28000&from_sustainable_property_sr=1&from=searchresults#hotelTmpl
18,Edgar Suites - Meudon-la-Forêt,"9,3",48.6463114,7.3951882,https://www.booking.com/hotel/fr/edgar-suites-meudon-la-foret.fr.html?label=fr-fr-booking-desktop-DCpBIW3k2*WIo8XuzMdB9AS652796013276%3Apl%3Ata%3Ap1%3Ap2%3Aac%3Aap%3Aneg%3Afi%3Atikwd-65526620%3Alp9056191%3Ali%3Adec%3Adm&aid=2311236&ucfs=1&arphpl=1&checkin=2023-12-11&checkout=2023-12-16&dest_id=73&dest_type=country&group_adults=2&req_adults=2&no_rooms=1&group_children=0&req_children=0&hpos=19&hapos=19&sr_order=popularity&nflt=ht_id%3D204&srpvid=34099af1a98a02df&srepoch=1700690534&all_sr_blocks=871429601_362898322_4_0_0&highlighted_blocks=871429601_362898322_4_0_0&matching_block_id=871429601_362898322_4_0_0&sr_pri_blocks=871429601_362898322_4_0_0__37856&from_sustainable_property_sr=1&from=searchresults#hotelTmpl
19,Hotel Eiffel Blomet,"8,7",48.6463114,7.3951882,https://www.booking.com/hotel/fr/eiffel-blomet.fr.html?label=fr-fr-booking-desktop-DCpBIW3k2*WIo8XuzMdB9AS652796013276%3Apl%3Ata%3Ap1%3Ap2%3Aac%3Aap%3Aneg%3Afi%3Atikwd-65526620%3Alp9056191%3Ali%3Adec%3Adm&aid=2311236&ucfs=1&arphpl=1&checkin=2023-12-11&checkout=2023-12-16&dest_id=73&dest_type=country&group_adults=2&req_adults=2&no_rooms=1&group_children=0&req_children=0&hpos=20&hapos=20&sr_order=popularity&nflt=ht_id%3D204&srpvid=34099af1a98a02df&srepoch=1700690534&all_sr_blocks=226407302_99106673_0_2_0&highlighted_blocks=226407302_99106673_0_2_0&matching_block_id=226407302_99106673_0_2_0&sr_pri_blocks=226407302_99106673_0_2_0__103300&from_sustainable_property_sr=1&from=searchresults#hotelTmpl
20,Chateau Du Boisniard,"9,0",48.6463114,7.3951882,https://www.booking.com/hotel/fr/chateau-du-boisniard.fr.html?label=fr-fr-booking-desktop-DCpBIW3k2*WIo8XuzMdB9AS652796013276%3Apl%3Ata%3Ap1%3Ap2%3Aac%3Aap%3Aneg%3Afi%3Atikwd-65526620%3Alp9056191%3Ali%3Adec%3Adm&aid=2311236&ucfs=1&arphpl=1&checkin=2023-12-11&checkout=2023-12-16&dest_id=73&dest_type=country&group_adults=2&req_adults=2&no_rooms=1&group_children=0&req_children=0&hpos=21&hapos=21&sr_order=popularity&nflt=ht_id%3D204&srpvid=34099af1a98a02df&srepoch=1700690534&all_sr_blocks=29480405_88557876_2_42_0&highlighted_blocks=29480405_88557876_2_42_0&matching_block_id=29480405_88557876_2_42_0&sr_pri_blocks=29480405_88557876_2_42_0__68850&from_sustainable_property_sr=1&from=searchresults#hotelTmpl
21,Hôtel Restaurant PLATANES,"8,5",48.6463114,7.3951882,https://www.booking.com/hotel/fr/les-platanes-etauliers1.fr.html?label=fr-fr-booking-desktop-DCpBIW3k2*WIo8XuzMdB9AS652796013276%3Apl%3Ata%3Ap1%3Ap2%3Aac%3Aap%3Aneg%3Afi%3Atikwd-65526620%3Alp9056191%3Ali%3Adec%3Adm&aid=2311236&ucfs=1&arphpl=1&checkin=2023-12-11&checkout=2023-12-16&dest_id=73&dest_type=country&group_adults=2&req_adults=2&no_rooms=1&group_children=0&req_children=0&hpos=22&hapos=22&sr_order=popularity&nflt=ht_id%3D204&srpvid=34099af1a98a02df&srepoch=1700690534&all_sr_blocks=1003848103_374016952_2_41_0&highlighted_blocks=1003848103_374016952_2_41_0&matching_block_id=1003848103_374016952_2_41_0&sr_pri_blocks=1003848103_374016952_2_41_0__67140&from_sustainable_property_sr=1&from=searchresults#hotelTmpl
22,Résidence AURMAT - Appart - Hôtel - Boulogne - Paris,"8,2",48.6463114,7.3951882,https://www.booking.com/hotel/fr/residence-aurmat.fr.html?label=fr-fr-booking-desktop-DCpBIW3k2*WIo8XuzMdB9AS652796013276%3Apl%3Ata%3Ap1%3Ap2%3Aac%3Aap%3Aneg%3Afi%3Atikwd-65526620%3Alp9056191%3Ali%3Adec%3Adm&aid=2311236&ucfs=1&arphpl=1&checkin=2023-12-11&checkout=2023-12-16&dest_id=73&dest_type=country&group_adults=2&req_adults=2&no_rooms=1&group_children=0&req_children=0&hpos=23&hapos=23&sr_order=popularity&nflt=ht_id%3D204&srpvid=34099af1a98a02df&srepoch=1700690534&all_sr_blocks=29288532_375624023_4_0_0&highlighted_blocks=29288532_375624023_4_0_0&matching_block_id=29288532_375624023_4_0_0&sr_pri_blocks=29288532_375624023_4_0_0__85140&from_sustainable_property_sr=1&from=searchresults#hotelTmpl
23,Lodge Les Merisiers,"8,2",48.6463114,7.3951882,https://www.booking.com/hotel/fr/lodge-les-merisiers.fr.html?label=fr-fr-booking-desktop-DCpBIW3k2*WIo8XuzMdB9AS652796013276%3Apl%3Ata%3Ap1%3Ap2%3Aac%3Aap%3Aneg%3Afi%3Atikwd-65526620%3Alp9056191%3Ali%3Adec%3Adm&aid=2311236&ucfs=1&arphpl=1&checkin=2023-12-11&checkout=2023-12-16&dest_id=73&dest_type=country&group_adults=2&req_adults=2&no_rooms=1&group_children=0&req_children=0&hpos=24&hapos=24&sr_order=popularity&nflt=ht_id%3D204&srpvid=34099af1a98a02df&srepoch=1700690534&all_sr_blocks=685101003_374743553_4_1_0&highlighted_blocks=685101003_374743553_4_1_0&matching_block_id=685101003_374743553_4_1_0&sr_pri_blocks=685101003_374743553_4_1_0__114075&from=searchresults#hotelTmpl
24,Hotel De La Porte Saint-Malo,"8,9",48.6463114,7.3951882,https://www.booking.com/hotel/fr/hoteldelaporte.fr.html?label=fr-fr-booking-desktop-DCpBIW3k2*WIo8XuzMdB9AS652796013276%3Apl%3Ata%3Ap1%3Ap2%3Aac%3Aap%3Aneg%3Afi%3Atikwd-65526620%3Alp9056191%3Ali%3Adec%3Adm&aid=2311236&ucfs=1&arphpl=1&checkin=2023-12-11&checkout=2023-12-16&dest_id=73&dest_type=country&group_adults=2&req_adults=2&no_rooms=1&group_children=0&req_children=0&hpos=25&hapos=25&sr_order=popularity&nflt=ht_id%3D204&srpvid=34099af1a98a02df&srepoch=1700690534&all_sr_blocks=12565_349098197_2_2_0&highlighted_blocks=12565_349098197_2_2_0&matching_block_id=12565_349098197_2_2_0&sr_pri_blocks=12565_349098197_2_2_0__46800&from_sustainable_property_sr=1&from=searchresults#hotelTmpl
25,Hotel Paix Republique,"8,2",48.6463114,7.3951882,https://www.booking.com/hotel/fr/paix-republique.fr.html?label=fr-fr-booking-desktop-DCpBIW3k2*WIo8XuzMdB9AS652796013276%3Apl%3Ata%3Ap1%3Ap2%3Aac%3Aap%3Aneg%3Afi%3Atikwd-65526620%3Alp9056191%3Ali%3Adec%3Adm&aid=2311236&ucfs=1&arphpl=1&checkin=2023-12-11&checkout=2023-12-16&dest_id=73&dest_type=country&group_adults=2&req_adults=2&no_rooms=1&group_children=0&req_children=0&hpos=1&hapos=26&sr_order=popularity&nflt=ht_id%3D204&srpvid=11999afc33ee088a&srepoch=1700690555&all_sr_blocks=5739010_88550808_2_2_0&highlighted_blocks=5739010_88550808_2_2_0&matching_block_id=5739010_88550808_2_2_0&sr_pri_blocks=5739010_88550808_2_2_0__71622&from_sustainable_property_sr=1&from=searchresults#hotelTmpl
26,Le Petit Palais D'Aglae,"8,6",48.6463114,7.3951882,https://www.booking.com/hotel/fr/petit-palais-d-aglae.fr.html?label=fr-fr-booking-desktop-DCpBIW3k2*WIo8XuzMdB9AS652796013276%3Apl%3Ata%3Ap1%3Ap2%3Aac%3Aap%3Aneg%3Afi%3Atikwd-65526620%3Alp9056191%3Ali%3Adec%3Adm&aid=2311236&ucfs=1&arphpl=1&checkin=2023-12-11&checkout=2023-12-16&dest_id=73&dest_type=country&group_adults=2&req_adults=2&no_rooms=1&group_children=0&req_children=0&hpos=2&hapos=27&sr_order=popularity&nflt=ht_id%3D204&srpvid=11999afc33ee088a&srepoch=1700690555&all_sr_blocks=178760801_91156073_0_42_0&highlighted_blocks=178760801_91156073_0_42_0&matching_block_id=178760801_91156073_0_42_0&sr_pri_blocks=178760801_91156073_0_42_0__81414&from_sustainable_property_sr=1&from=searchresults#hotelTmpl
27,La Maison de Catherine,"8,8",48.6463114,7.3951882,https://www.booking.com/hotel/fr/la-maison-de-catherine-puy-saint-pierre.fr.html?label=fr-fr-booking-desktop-DCpBIW3k2*WIo8XuzMdB9AS652796013276%3Apl%3Ata%3Ap1%3Ap2%3Aac%3Aap%3Aneg%3Afi%3Atikwd-65526620%3Alp9056191%3Ali%3Adec%3Adm&aid=2311236&ucfs=1&arphpl=1&checkin=2023-12-11&checkout=2023-12-16&dest_id=73&dest_type=country&group_adults=2&req_adults=2&no_rooms=1&group_children=0&req_children=0&hpos=3&hapos=28&sr_order=popularity&nflt=ht_id%3D204&srpvid=11999afc33ee088a&srepoch=1700690555&all_sr_blocks=951232802_367735300_0_2_0&highlighted_blocks=951232802_367735300_0_2_0&matching_block_id=951232802_367735300_0_2_0&sr_pri_blocks=951232802_367735300_0_2_0__47610&from_sustainable_property_sr=1&from=searchresults#hotelTmpl
28,Citadines Saint-Germain-des-Prés Paris,"8,0",48.6463114,7.3951882,https://www.booking.com/hotel/fr/citadines-aparthotel-saint-germain-des-pres.fr.html?label=fr-fr-booking-desktop-DCpBIW3k2*WIo8XuzMdB9AS652796013276%3Apl%3Ata%3Ap1%3Ap2%3Aac%3Aap%3Aneg%3Afi%3Atikwd-65526620%3Alp9056191%3Ali%3Adec%3Adm&aid=2311236&ucfs=1&arphpl=1&checkin=2023-12-11&checkout=2023-12-16&dest_id=73&dest_type=country&group_adults=2&req_adults=2&no_rooms=1&group_children=0&req_children=0&hpos=4&hapos=29&sr_order=popularity&nflt=ht_id%3D204&srpvid=11999afc33ee088a&srepoch=1700690555&all_sr_blocks=66848_204494138_2_2_0&highlighted_blocks=66848_204494138_2_2_0&matching_block_id=66848_204494138_2_2_0&sr_pri_blocks=66848_204494138_2_2_0__105100&from_sustainable_property_sr=1&from=searchresults#hotelTmpl
29,Edgar Suites - Meudon-la-Forêt,"9,3",48.6463114,7.3951882,https://www.booking.com/hotel/fr/edgar-suites-meudon-la-foret.fr.html?label=fr-fr-booking-desktop-DCpBIW3k2*WIo8XuzMdB9AS652796013276%3Apl%3Ata%3Ap1%3Ap2%3Aac%3Aap%3Aneg%3Afi%3Atikwd-65526620%3Alp9056191%3Ali%3Adec%3Adm&aid=2311236&ucfs=1&arphpl=1&checkin=2023-12-11&checkout=2023-12-16&dest_id=73&dest_type=country&group_adults=2&req_adults=2&no_rooms=1&group_children=0&req_children=0&hpos=5&hapos=30&sr_order=popularity&nflt=ht_id%3D204&srpvid=11999afc33ee088a&srepoch=1700690555&all_sr_blocks=871429601_362898322_4_0_0&highlighted_blocks=871429601_362898322_4_0_0&matching_block_id=871429601_362898322_4_0_0&sr_pri_blocks=871429601_362898322_4_0_0__34828&from_sustainable_property_sr=1&from=searchresults#hotelTmpl
30,Le Castélas,"8,2",48.6463114,7.3951882,https://www.booking.com/hotel/fr/le-castelas-aigueze.fr.html?label=fr-fr-booking-desktop-DCpBIW3k2*WIo8XuzMdB9AS652796013276%3Apl%3Ata%3Ap1%3Ap2%3Aac%3Aap%3Aneg%3Afi%3Atikwd-65526620%3Alp9056191%3Ali%3Adec%3Adm&aid=2311236&ucfs=1&arphpl=1&checkin=2023-12-11&checkout=2023-12-16&dest_id=73&dest_type=country&group_adults=2&req_adults=2&no_rooms=1&group_children=0&req_children=0&hpos=6&hapos=31&sr_order=popularity&nflt=ht_id%3D204&srpvid=11999afc33ee088a&srepoch=1700690555&all_sr_blocks=699372603_330384037_2_0_0&highlighted_blocks=699372603_330384037_2_0_0&matching_block_id=699372603_330384037_2_0_0&sr_pri_blocks=699372603_330384037_2_0_0__26800&from_sustainable_property_sr=1&from=searchresults#hotelTmpl
31,ibis budget Langres,"7,8",48.6463114,7.3951882,https://www.booking.com/hotel/fr/ibis-budget-langres.fr.html?label=fr-fr-booking-desktop-DCpBIW3k2*WIo8XuzMdB9AS652796013276%3Apl%3Ata%3Ap1%3Ap2%3Aac%3Aap%3Aneg%3Afi%3Atikwd-65526620%3Alp9056191%3Ali%3Adec%3Adm&aid=2311236&ucfs=1&arphpl=1&checkin=2023-12-11&checkout=2023-12-16&dest_id=73&dest_type=country&group_adults=2&req_adults=2&no_rooms=1&group_children=0&req_children=0&hpos=7&hapos=32&sr_order=popularity&nflt=ht_id%3D204&srpvid=11999afc33ee088a&srepoch=1700690555&all_sr_blocks=432406802_129931098_2_2_0&highlighted_blocks=432406802_129931098_2_2_0&matching_block_id=432406802_129931098_2_2_0&sr_pri_blocks=432406802_129931098_2_2_0__26775&from_sustainable_property_sr=1&from=searchresults#hotelTmpl
32,Appart'Hôtel Prestige Odalys L'Eclose,"8,5",48.6463114,7.3951882,https://www.booking.com/hotel/fr/appart-prestige-odalys-l-eclose.fr.html?label=fr-fr-booking-desktop-DCpBIW3k2*WIo8XuzMdB9AS652796013276%3Apl%3Ata%3Ap1%3Ap2%3Aac%3Aap%3Aneg%3Afi%3Atikwd-65526620%3Alp9056191%3Ali%3Adec%3Adm&aid=2311236&ucfs=1&arphpl=1&checkin=2023-12-11&checkout=2023-12-16&dest_id=73&dest_type=country&group_adults=2&req_adults=2&no_rooms=1&group_children=0&req_children=0&hpos=8&hapos=33&sr_order=popularity&nflt=ht_id%3D204&srpvid=11999afc33ee088a&srepoch=1700690555&all_sr_blocks=890936801_359338944_0_2_0&highlighted_blocks=890936801_359338944_0_2_0&matching_block_id=890936801_359338944_0_2_0&sr_pri_blocks=890936801_359338944_0_2_0__100500&from_sustainable_property_sr=1&from=searchresults#hotelTmpl
33,Résidence Club mmv Le Cœur des Loges ****,"7,6",48.6463114,7.3951882,https://www.booking.com/hotel/fr/le-coeur-des-loges.fr.html?label=fr-fr-booking-desktop-DCpBIW3k2*WIo8XuzMdB9AS652796013276%3Apl%3Ata%3Ap1%3Ap2%3Aac%3Aap%3Aneg%3Afi%3Atikwd-65526620%3Alp9056191%3Ali%3Adec%3Adm&aid=2311236&ucfs=1&arphpl=1&checkin=2023-12-11&checkout=2023-12-16&dest_id=73&dest_type=country&group_adults=2&req_adults=2&no_rooms=1&group_children=0&req_children=0&hpos=9&hapos=34&sr_order=popularity&nflt=ht_id%3D204&srpvid=11999afc33ee088a&srepoch=1700690555&all_sr_blocks=179295001_361711985_0_0_0&highlighted_blocks=179295001_361711985_0_0_0&matching_block_id=179295001_361711985_0_0_0&sr_pri_blocks=179295001_361711985_0_0_0__50544&from_sustainable_property_sr=1&from=searchresults#hotelTmpl
34,Hôtel Nice Azur Riviera,"8,5",48.6463114,7.3951882,https://www.booking.com/hotel/fr/nice-azur-riviera.fr.html?label=fr-fr-booking-desktop-DCpBIW3k2*WIo8XuzMdB9AS652796013276%3Apl%3Ata%3Ap1%3Ap2%3Aac%3Aap%3Aneg%3Afi%3Atikwd-65526620%3Alp9056191%3Ali%3Adec%3Adm&aid=2311236&ucfs=1&arphpl=1&checkin=2023-12-11&checkout=2023-12-16&dest_id=73&dest_type=country&group_adults=2&req_adults=2&no_rooms=1&group_children=0&req_children=0&hpos=10&hapos=35&sr_order=popularity&nflt=ht_id%3D204&srpvid=11999afc33ee088a&srepoch=1700690555&all_sr_blocks=0_0_2_0_0&highlighted_blocks=0_0_2_0_0&matching_block_id=0_0_2_0_0&sr_pri_blocks=0_0_2_0_0__58225&from_sustainable_property_sr=1&from=searchresults#hotelTmpl
35,Elysées Ceramic,"8,3",48.6463114,7.3951882,https://www.booking.com/hotel/fr/hotelelyseesceramic.fr.html?label=fr-fr-booking-desktop-DCpBIW3k2*WIo8XuzMdB9AS652796013276%3Apl%3Ata%3Ap1%3Ap2%3Aac%3Aap%3Aneg%3Afi%3Atikwd-65526620%3Alp9056191%3Ali%3Adec%3Adm&aid=2311236&ucfs=1&arphpl=1&checkin=2023-12-11&checkout=2023-12-16&dest_id=73&dest_type=country&group_adults=2&req_adults=2&no_rooms=1&group_children=0&req_children=0&hpos=11&hapos=36&sr_order=popularity&nflt=ht_id%3D204&srpvid=11999afc33ee088a&srepoch=1700690555&all_sr_blocks=5099702_103730655_0_2_0&highlighted_blocks=5099702_103730655_0_2_0&matching_block_id=5099702_103730655_0_2_0&sr_pri_blocks=5099702_103730655_0_2_0__107456&from=searchresults#hotelTmpl
36,Mercure Paris Centre Tour Eiffel,"7,4",48.6463114,7.3951882,https://www.booking.com/hotel/fr/mercure-paris-suffren-tour-eiffel.fr.html?label=fr-fr-booking-desktop-DCpBIW3k2*WIo8XuzMdB9AS652796013276%3Apl%3Ata%3Ap1%3Ap2%3Aac%3Aap%3Aneg%3Afi%3Atikwd-65526620%3Alp9056191%3Ali%3Adec%3Adm&aid=2311236&ucfs=1&arphpl=1&checkin=2023-12-11&checkout=2023-12-16&dest_id=73&dest_type=country&group_adults=2&req_adults=2&no_rooms=1&group_children=0&req_children=0&hpos=12&hapos=37&sr_order=popularity&nflt=ht_id%3D204&srpvid=11999afc33ee088a&srepoch=1700690555&all_sr_blocks=5368914_94272759_2_34_0&highlighted_blocks=5368914_94272759_2_34_0&matching_block_id=5368914_94272759_2_34_0&sr_pri_blocks=5368914_94272759_2_34_0__110355&from_sustainable_property_sr=1&from=searchresults#hotelTmpl
37,Le Grey Hotel,"8,6",48.6463114,7.3951882,https://www.booking.com/hotel/fr/grey.fr.html?label=fr-fr-booking-desktop-DCpBIW3k2*WIo8XuzMdB9AS652796013276%3Apl%3Ata%3Ap1%3Ap2%3Aac%3Aap%3Aneg%3Afi%3Atikwd-65526620%3Alp9056191%3Ali%3Adec%3Adm&aid=2311236&ucfs=1&arphpl=1&checkin=2023-12-11&checkout=2023-12-16&dest_id=73&dest_type=country&group_adults=2&req_adults=2&no_rooms=1&group_children=0&req_children=0&hpos=13&hapos=38&sr_order=popularity&nflt=ht_id%3D204&srpvid=11999afc33ee088a&srepoch=1700690555&all_sr_blocks=41283202_94459884_0_42_0&highlighted_blocks=41283202_94459884_0_42_0&matching_block_id=41283202_94459884_0_42_0&sr_pri_blocks=41283202_94459884_0_42_0__116104&from_sustainable_property_sr=1&from=searchresults#hotelTmpl
38,Résidence Columba - Apparts meublés Agen Sud,"8,1",48.6463114,7.3951882,https://www.booking.com/hotel/fr/residence-columba.fr.html?label=fr-fr-booking-desktop-DCpBIW3k2*WIo8XuzMdB9AS652796013276%3Apl%3Ata%3Ap1%3Ap2%3Aac%3Aap%3Aneg%3Afi%3Atikwd-65526620%3Alp9056191%3Ali%3Adec%3Adm&aid=2311236&ucfs=1&arphpl=1&checkin=2023-12-11&checkout=2023-12-16&dest_id=73&dest_type=country&group_adults=2&req_adults=2&no_rooms=1&group_children=0&req_children=0&hpos=14&hapos=39&sr_order=popularity&nflt=ht_id%3D204&srpvid=11999afc33ee088a&srepoch=1700690555&all_sr_blocks=29579001_352948123_0_0_0&highlighted_blocks=29579001_352948123_0_0_0&matching_block_id=29579001_352948123_0_0_0&sr_pri_blocks=29579001_352948123_0_0_0__34650&from_sustainable_property_sr=1&from=searchresults#hotelTmpl
39,Hôtel PALMITO,"8,7",48.6463114,7.3951882,https://www.booking.com/hotel/fr/palym-biarritz.fr.html?label=fr-fr-booking-desktop-DCpBIW3k2*WIo8XuzMdB9AS652796013276%3Apl%3Ata%3Ap1%3Ap2%3Aac%3Aap%3Aneg%3Afi%3Atikwd-65526620%3Alp9056191%3Ali%3Adec%3Adm&aid=2311236&ucfs=1&arphpl=1&checkin=2023-12-11&checkout=2023-12-16&dest_id=73&dest_type=country&group_adults=2&req_adults=2&no_rooms=1&group_children=0&req_children=0&hpos=15&hapos=40&sr_order=popularity&nflt=ht_id%3D204&srpvid=11999afc33ee088a&srepoch=1700690555&all_sr_blocks=34718708_88559442_2_2_0&highlighted_blocks=34718708_88559442_2_2_0&matching_block_id=34718708_88559442_2_2_0&sr_pri_blocks=34718708_88559442_2_2_0__39744&from_sustainable_property_sr=1&from=searchresults#hotelTmpl
40,Hôtel Des Arts-Bastille,"8,0",48.6463114,7.3951882,https://www.booking.com/hotel/fr/hotel-des-arts-bastille.fr.html?label=fr-fr-booking-desktop-DCpBIW3k2*WIo8XuzMdB9AS652796013276%3Apl%3Ata%3Ap1%3Ap2%3Aac%3Aap%3Aneg%3Afi%3Atikwd-65526620%3Alp9056191%3Ali%3Adec%3Adm&aid=2311236&ucfs=1&arphpl=1&checkin=2023-12-11&checkout=2023-12-16&dest_id=73&dest_type=country&group_adults=2&req_adults=2&no_rooms=1&group_children=0&req_children=0&hpos=16&hapos=41&sr_order=popularity&nflt=ht_id%3D204&srpvid=11999afc33ee088a&srepoch=1700690555&all_sr_blocks=89489_88922130_0_2_0&highlighted_blocks=89489_88922130_0_2_0&matching_block_id=89489_88922130_0_2_0&sr_pri_blocks=89489_88922130_0_2_0__72105&from_sustainable_property_sr=1&from=searchresults#hotelTmpl
41,"HOTEL Domaine des Etangs, Auberge Resorts Collection","9,5",48.6463114,7.3951882,https://www.booking.com/hotel/fr/domaine-des-etangs-massignac.fr.html?label=fr-fr-booking-desktop-DCpBIW3k2*WIo8XuzMdB9AS652796013276%3Apl%3Ata%3Ap1%3Ap2%3Aac%3Aap%3Aneg%3Afi%3Atikwd-65526620%3Alp9056191%3Ali%3Adec%3Adm&aid=2311236&ucfs=1&arphpl=1&checkin=2023-12-11&checkout=2023-12-16&dest_id=73&dest_type=country&group_adults=2&req_adults=2&no_rooms=1&group_children=0&req_children=0&hpos=17&hapos=42&sr_order=popularity&nflt=ht_id%3D204&srpvid=11999afc33ee088a&srepoch=1700690555&all_sr_blocks=524526701_379153110_2_42_0&highlighted_blocks=524526701_379153110_2_42_0&matching_block_id=524526701_379153110_2_42_0&sr_pri_blocks=524526701_379153110_2_42_0__131726&from_sustainable_property_sr=1&from=searchresults#hotelTmpl
42,Les Elmes - Hôtel & Spa,"8,7",48.6463114,7.3951882,https://www.booking.com/hotel/fr/logis-de-france-les-elmes.fr.html?label=fr-fr-booking-desktop-DCpBIW3k2*WIo8XuzMdB9AS652796013276%3Apl%3Ata%3Ap1%3Ap2%3Aac%3Aap%3Aneg%3Afi%3Atikwd-65526620%3Alp9056191%3Ali%3Adec%3Adm&aid=2311236&ucfs=1&arphpl=1&checkin=2023-12-11&checkout=2023-12-16&dest_id=73&dest_type=country&group_adults=2&req_adults=2&no_rooms=1&group_children=0&req_children=0&hpos=18&hapos=43&sr_order=popularity&nflt=ht_id%3D204&srpvid=11999afc33ee088a&srepoch=1700690555&all_sr_blocks=5776606_88919199_0_42_0&highlighted_blocks=5776606_88919199_0_42_0&matching_block_id=5776606_88919199_0_42_0&sr_pri_blocks=5776606_88919199_0_42_0__65205&from_sustainable_property_sr=1&from=searchresults#hotelTmpl
43,Ace Hotel Bordeaux Cestas,"8,3",48.6463114,7.3951882,https://www.booking.com/hotel/fr/ace-bordeaux-cestas.fr.html?label=fr-fr-booking-desktop-DCpBIW3k2*WIo8XuzMdB9AS652796013276%3Apl%3Ata%3Ap1%3Ap2%3Aac%3Aap%3Aneg%3Afi%3Atikwd-65526620%3Alp9056191%3Ali%3Adec%3Adm&aid=2311236&ucfs=1&arphpl=1&checkin=2023-12-11&checkout=2023-12-16&dest_id=73&dest_type=country&group_adults=2&req_adults=2&no_rooms=1&group_children=0&req_children=0&hpos=19&hapos=44&sr_order=popularity&nflt=ht_id%3D204&srpvid=11999afc33ee088a&srepoch=1700690555&all_sr_blocks=251504901_363293335_0_2_0&highlighted_blocks=251504901_363293335_0_2_0&matching_block_id=251504901_363293335_0_2_0&sr_pri_blocks=251504901_363293335_0_2_0__43845&from=searchresults#hotelTmpl
44,Résidence Club MMV L'Altaviva,"8,3",48.6463114,7.3951882,https://www.booking.com/hotel/fr/residence-club-mmv-l-39-altaviva.fr.html?label=fr-fr-booking-desktop-DCpBIW3k2*WIo8XuzMdB9AS652796013276%3Apl%3Ata%3Ap1%3Ap2%3Aac%3Aap%3Aneg%3Afi%3Atikwd-65526620%3Alp9056191%3Ali%3Adec%3Adm&aid=2311236&ucfs=1&arphpl=1&checkin=2023-12-11&checkout=2023-12-16&dest_id=73&dest_type=country&group_adults=2&req_adults=2&no_rooms=1&group_children=0&req_children=0&hpos=20&hapos=45&sr_order=popularity&nflt=ht_id%3D204&srpvid=11999afc33ee088a&srepoch=1700690555&all_sr_blocks=312381902_359199323_0_2_0&highlighted_blocks=312381902_359199323_0_2_0&matching_block_id=312381902_359199323_0_2_0&sr_pri_blocks=312381902_359199323_0_2_0__63180&from_sustainable_property_sr=1&from=searchresults#hotelTmpl
45,Mas des Gourmands,"9,5",48.6463114,7.3951882,https://www.booking.com/hotel/fr/mas-des-gourmands.fr.html?label=fr-fr-booking-desktop-DCpBIW3k2*WIo8XuzMdB9AS652796013276%3Apl%3Ata%3Ap1%3Ap2%3Aac%3Aap%3Aneg%3Afi%3Atikwd-65526620%3Alp9056191%3Ali%3Adec%3Adm&aid=2311236&ucfs=1&arphpl=1&checkin=2023-12-11&checkout=2023-12-16&dest_id=73&dest_type=country&group_adults=2&req_adults=2&no_rooms=1&group_children=0&req_children=0&hpos=21&hapos=46&sr_order=popularity&nflt=ht_id%3D204&srpvid=11999afc33ee088a&srepoch=1700690555&all_sr_blocks=958958403_370953040_2_41_0&highlighted_blocks=958958403_370953040_2_41_0&matching_block_id=958958403_370953040_2_41_0&sr_pri_blocks=958958403_370953040_2_41_0__51750&from_sustainable_property_sr=1&from=searchresults#hotelTmpl
46,Hotel de L'Esperance,"8,5",48.6463114,7.3951882,https://www.booking.com/hotel/fr/de-l-39-esperance.fr.html?label=fr-fr-booking-desktop-DCpBIW3k2*WIo8XuzMdB9AS652796013276%3Apl%3Ata%3Ap1%3Ap2%3Aac%3Aap%3Aneg%3Afi%3Atikwd-65526620%3Alp9056191%3Ali%3Adec%3Adm&aid=2311236&ucfs=1&arphpl=1&checkin=2023-12-11&checkout=2023-12-16&dest_id=73&dest_type=country&group_adults=2&req_adults=2&no_rooms=1&group_children=0&req_children=0&hpos=22&hapos=47&sr_order=popularity&nflt=ht_id%3D204&srpvid=11999afc33ee088a&srepoch=1700690555&all_sr_blocks=260922805_104860512_0_2_0&highlighted_blocks=260922805_104860512_0_2_0&matching_block_id=260922805_104860512_0_2_0&sr_pri_blocks=260922805_104860512_0_2_0__99912&from=searchresults#hotelTmpl
47,Hôtel Thérèse,"8,4",48.6463114,7.3951882,https://www.booking.com/hotel/fr/hoteltherese.fr.html?label=fr-fr-booking-desktop-DCpBIW3k2*WIo8XuzMdB9AS652796013276%3Apl%3Ata%3Ap1%3Ap2%3Aac%3Aap%3Aneg%3Afi%3Atikwd-65526620%3Alp9056191%3Ali%3Adec%3Adm&aid=2311236&ucfs=1&arphpl=1&checkin=2023-12-11&checkout=2023-12-16&dest_id=73&dest_type=country&group_adults=2&req_adults=2&no_rooms=1&group_children=0&req_children=0&hpos=23&hapos=48&sr_order=popularity&nflt=ht_id%3D204&srpvid=11999afc33ee088a&srepoch=1700690555&all_sr_blocks=21213830_368373015_2_2_0&highlighted_blocks=21213830_368373015_2_2_0&matching_block_id=21213830_368373015_2_2_0&sr_pri_blocks=21213830_368373015_2_2_0__185150&from_sustainable_property_sr=1&from=searchresults#hotelTmpl
48,Hippotel,"8,0",48.6463114,7.3951882,https://www.booking.com/hotel/fr/hotelresidencehippotel.fr.html?label=fr-fr-booking-desktop-DCpBIW3k2*WIo8XuzMdB9AS652796013276%3Apl%3Ata%3Ap1%3Ap2%3Aac%3Aap%3Aneg%3Afi%3Atikwd-65526620%3Alp9056191%3Ali%3Adec%3Adm&aid=2311236&ucfs=1&arphpl=1&checkin=2023-12-11&checkout=2023-12-16&dest_id=73&dest_type=country&group_adults=2&req_adults=2&no_rooms=1&group_children=0&req_children=0&hpos=24&hapos=49&sr_order=popularity&nflt=ht_id%3D204&srpvid=11999afc33ee088a&srepoch=1700690555&all_sr_blocks=39084_88554531_0_2_0&highlighted_blocks=39084_88554531_0_2_0&matching_block_id=39084_88554531_0_2_0&sr_pri_blocks=39084_88554531_0_2_0__36000&from=searchresults#hotelTmpl
49,Hotel 64 Nice,"8,5",48.6463114,7.3951882,https://www.booking.com/hotel/fr/national.fr.html?label=fr-fr-booking-desktop-DCpBIW3k2*WIo8XuzMdB9AS652796013276%3Apl%3Ata%3Ap1%3Ap2%3Aac%3Aap%3Aneg%3Afi%3Atikwd-65526620%3Alp9056191%3Ali%3Adec%3Adm&aid=2311236&ucfs=1&arphpl=1&checkin=2023-12-11&checkout=2023-12-16&dest_id=73&dest_type=country&group_adults=2&req_adults=2&no_rooms=1&group_children=0&req_children=0&hpos=25&hapos=50&sr_order=popularity&nflt=ht_id%3D204&srpvid=11999afc33ee088a&srepoch=1700690555&all_sr_blocks=5038813_367855594_0_2_0&highlighted_blocks=5038813_367855594_0_2_0&matching_block_id=5038813_367855594_0_2_0&sr_pri_blocks=5038813_367855594_0_2_0__25576&from=searchresults#hotelTmpl
50,Pullman Paris Tour Eiffel,"8,3",48.6463114,7.3951882,https://www.booking.com/hotel/fr/tour-eiffel.fr.html?label=fr-fr-booking-desktop-DCpBIW3k2*WIo8XuzMdB9AS652796013276%3Apl%3Ata%3Ap1%3Ap2%3Aac%3Aap%3Aneg%3Afi%3Atikwd-65526620%3Alp9056191%3Ali%3Adec%3Adm&aid=2311236&ucfs=1&arphpl=1&checkin=2023-12-11&checkout=2023-12-16&dest_id=73&dest_type=country&group_adults=2&req_adults=2&no_rooms=1&group_children=0&req_children=0&hpos=1&hapos=51&sr_order=popularity&nflt=ht_id%3D204&srpvid=7d159b066d7502bc&srepoch=1700690575&all_sr_blocks=2673025_95150518_2_34_0&highlighted_blocks=2673025_95150518_2_34_0&matching_block_id=2673025_95150518_2_34_0&sr_pri_blocks=2673025_95150518_2_34_0__143550&from_sustainable_property_sr=1&from=searchresults#hotelTmpl
51,Ace Hotel Bordeaux Cestas,"8,3",48.6463114,7.3951882,https://www.booking.com/hotel/fr/ace-bordeaux-cestas.fr.html?label=fr-fr-booking-desktop-DCpBIW3k2*WIo8XuzMdB9AS652796013276%3Apl%3Ata%3Ap1%3Ap2%3Aac%3Aap%3Aneg%3Afi%3Atikwd-65526620%3Alp9056191%3Ali%3Adec%3Adm&aid=2311236&ucfs=1&arphpl=1&checkin=2023-12-11&checkout=2023-12-16&dest_id=73&dest_type=country&group_adults=2&req_adults=2&no_rooms=1&group_children=0&req_children=0&hpos=2&hapos=52&sr_order=popularity&nflt=ht_id%3D204&srpvid=7d159b066d7502bc&srepoch=1700690575&all_sr_blocks=251504901_363293335_0_2_0&highlighted_blocks=251504901_363293335_0_2_0&matching_block_id=251504901_363293335_0_2_0&sr_pri_blocks=251504901_363293335_0_2_0__43845&from=searchresults#hotelTmpl
52,Résidence Club MMV L'Altaviva,"8,3",48.6463114,7.3951882,https://www.booking.com/hotel/fr/residence-club-mmv-l-39-altaviva.fr.html?label=fr-fr-booking-desktop-DCpBIW3k2*WIo8XuzMdB9AS652796013276%3Apl%3Ata%3Ap1%3Ap2%3Aac%3Aap%3Aneg%3Afi%3Atikwd-65526620%3Alp9056191%3Ali%3Adec%3Adm&aid=2311236&ucfs=1&arphpl=1&checkin=2023-12-11&checkout=2023-12-16&dest_id=73&dest_type=country&group_adults=2&req_adults=2&no_rooms=1&group_children=0&req_children=0&hpos=3&hapos=53&sr_order=popularity&nflt=ht_id%3D204&srpvid=7d159b066d7502bc&srepoch=1700690575&all_sr_blocks=312381902_359199323_0_2_0&highlighted_blocks=312381902_359199323_0_2_0&matching_block_id=312381902_359199323_0_2_0&sr_pri_blocks=312381902_359199323_0_2_0__63180&from_sustainable_property_sr=1&from=searchresults#hotelTmpl
53,Mas des Gourmands,"9,5",48.6463114,7.3951882,https://www.booking.com/hotel/fr/mas-des-gourmands.fr.html?label=fr-fr-booking-desktop-DCpBIW3k2*WIo8XuzMdB9AS652796013276%3Apl%3Ata%3Ap1%3Ap2%3Aac%3Aap%3Aneg%3Afi%3Atikwd-65526620%3Alp9056191%3Ali%3Adec%3Adm&aid=2311236&ucfs=1&arphpl=1&checkin=2023-12-11&checkout=2023-12-16&dest_id=73&dest_type=country&group_adults=2&req_adults=2&no_rooms=1&group_children=0&req_children=0&hpos=4&hapos=54&sr_order=popularity&nflt=ht_id%3D204&srpvid=7d159b066d7502bc&srepoch=1700690575&all_sr_blocks=958958403_370953040_2_41_0&highlighted_blocks=958958403_370953040_2_41_0&matching_block_id=958958403_370953040_2_41_0&sr_pri_blocks=958958403_370953040_2_41_0__56250&from_sustainable_property_sr=1&from=searchresults#hotelTmpl
54,Citadines Saint-Germain-des-Prés Paris,"8,0",48.6463114,7.3951882,https://www.booking.com/hotel/fr/citadines-aparthotel-saint-germain-des-pres.fr.html?label=fr-fr-booking-desktop-DCpBIW3k2*WIo8XuzMdB9AS652796013276%3Apl%3Ata%3Ap1%3Ap2%3Aac%3Aap%3Aneg%3Afi%3Atikwd-65526620%3Alp9056191%3Ali%3Adec%3Adm&aid=2311236&ucfs=1&arphpl=1&checkin=2023-12-11&checkout=2023-12-16&dest_id=73&dest_type=country&group_adults=2&req_adults=2&no_rooms=1&group_children=0&req_children=0&hpos=5&hapos=55&sr_order=popularity&nflt=ht_id%3D204&srpvid=7d159b066d7502bc&srepoch=1700690575&all_sr_blocks=66848_204494138_2_2_0&highlighted_blocks=66848_204494138_2_2_0&matching_block_id=66848_204494138_2_2_0&sr_pri_blocks=66848_204494138_2_2_0__105100&from_sustainable_property_sr=1&from=searchresults#hotelTmpl
55,Hotel de L'Esperance,"8,5",48.6463114,7.3951882,https://www.booking.com/hotel/fr/de-l-39-esperance.fr.html?label=fr-fr-booking-desktop-DCpBIW3k2*WIo8XuzMdB9AS652796013276%3Apl%3Ata%3Ap1%3Ap2%3Aac%3Aap%3Aneg%3Afi%3Atikwd-65526620%3Alp9056191%3Ali%3Adec%3Adm&aid=2311236&ucfs=1&arphpl=1&checkin=2023-12-11&checkout=2023-12-16&dest_id=73&dest_type=country&group_adults=2&req_adults=2&no_rooms=1&group_children=0&req_children=0&hpos=6&hapos=56&sr_order=popularity&nflt=ht_id%3D204&srpvid=7d159b066d7502bc&srepoch=1700690575&all_sr_blocks=260922805_104860512_0_2_0&highlighted_blocks=260922805_104860512_0_2_0&matching_block_id=260922805_104860512_0_2_0&sr_pri_blocks=260922805_104860512_0_2_0__108600&from=searchresults#hotelTmpl
56,Hôtel Thérèse,"8,4",48.6463114,7.3951882,https://www.booking.com/hotel/fr/hoteltherese.fr.html?label=fr-fr-booking-desktop-DCpBIW3k2*WIo8XuzMdB9AS652796013276%3Apl%3Ata%3Ap1%3Ap2%3Aac%3Aap%3Aneg%3Afi%3Atikwd-65526620%3Alp9056191%3Ali%3Adec%3Adm&aid=2311236&ucfs=1&arphpl=1&checkin=2023-12-11&checkout=2023-12-16&dest_id=73&dest_type=country&group_adults=2&req_adults=2&no_rooms=1&group_children=0&req_children=0&hpos=7&hapos=57&sr_order=popularity&nflt=ht_id%3D204&srpvid=7d159b066d7502bc&srepoch=1700690575&all_sr_blocks=21213830_368373015_2_2_0&highlighted_blocks=21213830_368373015_2_2_0&matching_block_id=21213830_368373015_2_2_0&sr_pri_blocks=21213830_368373015_2_2_0__201250&from_sustainable_property_sr=1&from=searchresults#hotelTmpl
57,Hippotel,"8,0",48.6463114,7.3951882,https://www.booking.com/hotel/fr/hotelresidencehippotel.fr.html?label=fr-fr-booking-desktop-DCpBIW3k2*WIo8XuzMdB9AS652796013276%3Apl%3Ata%3Ap1%3Ap2%3Aac%3Aap%3Aneg%3Afi%3Atikwd-65526620%3Alp9056191%3Ali%3Adec%3Adm&aid=2311236&ucfs=1&arphpl=1&checkin=2023-12-11&checkout=2023-12-16&dest_id=73&dest_type=country&group_adults=2&req_adults=2&no_rooms=1&group_children=0&req_children=0&hpos=8&hapos=58&sr_order=popularity&nflt=ht_id%3D204&srpvid=7d159b066d7502bc&srepoch=1700690575&all_sr_blocks=39084_88554531_0_2_0&highlighted_blocks=39084_88554531_0_2_0&matching_block_id=39084_88554531_0_2_0&sr_pri_blocks=39084_88554531_0_2_0__36000&from=searchresults#hotelTmpl
58,Hotel 64 Nice,"8,5",48.6463114,7.3951882,https://www.booking.com/hotel/fr/national.fr.html?label=fr-fr-booking-desktop-DCpBIW3k2*WIo8XuzMdB9AS652796013276%3Apl%3Ata%3Ap1%3Ap2%3Aac%3Aap%3Aneg%3Afi%3Atikwd-65526620%3Alp9056191%3Ali%3Adec%3Adm&aid=2311236&ucfs=1&arphpl=1&checkin=2023-12-11&checkout=2023-12-16&dest_id=73&dest_type=country&group_adults=2&req_adults=2&no_rooms=1&group_children=0&req_children=0&hpos=9&hapos=59&sr_order=popularity&nflt=ht_id%3D204&srpvid=7d159b066d7502bc&srepoch=1700690575&all_sr_blocks=5038813_367855594_0_2_0&highlighted_blocks=5038813_367855594_0_2_0&matching_block_id=5038813_367855594_0_2_0&sr_pri_blocks=5038813_367855594_0_2_0__27800&from=searchresults#hotelTmpl
59,Residence Share Inn,"8,7",48.6463114,7.3951882,https://www.booking.com/hotel/fr/regence.fr.html?label=fr-fr-booking-desktop-DCpBIW3k2*WIo8XuzMdB9AS652796013276%3Apl%3Ata%3Ap1%3Ap2%3Aac%3Aap%3Aneg%3Afi%3Atikwd-65526620%3Alp9056191%3Ali%3Adec%3Adm&aid=2311236&ucfs=1&arphpl=1&checkin=2023-12-11&checkout=2023-12-16&dest_id=73&dest_type=country&group_adults=2&req_adults=2&no_rooms=1&group_children=0&req_children=0&hpos=10&hapos=60&sr_order=popularity&nflt=ht_id%3D204&srpvid=7d159b066d7502bc&srepoch=1700690575&all_sr_blocks=203056006_363490458_0_0_0&highlighted_blocks=203056006_363490458_0_0_0&matching_block_id=203056006_363490458_0_0_0&sr_pri_blocks=203056006_363490458_0_0_0__34000&from=searchresults#hotelTmpl
60,Le Castélas,"8,2",48.6463114,7.3951882,https://www.booking.com/hotel/fr/le-castelas-aigueze.fr.html?label=fr-fr-booking-desktop-DCpBIW3k2*WIo8XuzMdB9AS652796013276%3Apl%3Ata%3Ap1%3Ap2%3Aac%3Aap%3Aneg%3Afi%3Atikwd-65526620%3Alp9056191%3Ali%3Adec%3Adm&aid=2311236&ucfs=1&arphpl=1&checkin=2023-12-11&checkout=2023-12-16&dest_id=73&dest_type=country&group_adults=2&req_adults=2&no_rooms=1&group_children=0&req_children=0&hpos=11&hapos=61&sr_order=popularity&nflt=ht_id%3D204&srpvid=7d159b066d7502bc&srepoch=1700690575&all_sr_blocks=699372603_330384037_2_0_0&highlighted_blocks=699372603_330384037_2_0_0&matching_block_id=699372603_330384037_2_0_0&sr_pri_blocks=699372603_330384037_2_0_0__26800&from_sustainable_property_sr=1&from=searchresults#hotelTmpl
61,RockyPop Chamonix - Les Houches,"8,8",48.6463114,7.3951882,https://www.booking.com/hotel/fr/rockypop-aux-portes-de-chamonix.fr.html?label=fr-fr-booking-desktop-DCpBIW3k2*WIo8XuzMdB9AS652796013276%3Apl%3Ata%3Ap1%3Ap2%3Aac%3Aap%3Aneg%3Afi%3Atikwd-65526620%3Alp9056191%3Ali%3Adec%3Adm&aid=2311236&ucfs=1&arphpl=1&checkin=2023-12-11&checkout=2023-12-16&dest_id=73&dest_type=country&group_adults=2&req_adults=2&no_rooms=1&group_children=0&req_children=0&hpos=12&hapos=62&sr_order=popularity&nflt=ht_id%3D204&srpvid=7d159b066d7502bc&srepoch=1700690575&all_sr_blocks=194620002_259530038_0_34_0&highlighted_blocks=194620002_259530038_0_34_0&matching_block_id=194620002_259530038_0_34_0&sr_pri_blocks=194620002_259530038_0_34_0__35200&from_sustainable_property_sr=1&from=searchresults#hotelTmpl
62,ibis budget Givet,"7,5",48.6463114,7.3951882,https://www.booking.com/hotel/fr/ibis-budget-givet.fr.html?label=fr-fr-booking-desktop-DCpBIW3k2*WIo8XuzMdB9AS652796013276%3Apl%3Ata%3Ap1%3Ap2%3Aac%3Aap%3Aneg%3Afi%3Atikwd-65526620%3Alp9056191%3Ali%3Adec%3Adm&aid=2311236&ucfs=1&arphpl=1&checkin=2023-12-11&checkout=2023-12-16&dest_id=73&dest_type=country&group_adults=2&req_adults=2&no_rooms=1&group_children=0&req_children=0&hpos=13&hapos=63&sr_order=popularity&nflt=ht_id%3D204&srpvid=7d159b066d7502bc&srepoch=1700690575&all_sr_blocks=78004805_94517161_3_1_0&highlighted_blocks=78004805_94517161_3_1_0&matching_block_id=78004805_94517161_3_1_0&sr_pri_blocks=78004805_94517161_3_1_0__25435&from=searchresults#hotelTmpl
63,Grand Hôtel Amelot,"8,1",48.6463114,7.3951882,https://www.booking.com/hotel/fr/grand-amelot-paris4.fr.html?label=fr-fr-booking-desktop-DCpBIW3k2*WIo8XuzMdB9AS652796013276%3Apl%3Ata%3Ap1%3Ap2%3Aac%3Aap%3Aneg%3Afi%3Atikwd-65526620%3Alp9056191%3Ali%3Adec%3Adm&aid=2311236&ucfs=1&arphpl=1&checkin=2023-12-11&checkout=2023-12-16&dest_id=73&dest_type=country&group_adults=2&req_adults=2&no_rooms=1&group_children=0&req_children=0&hpos=14&hapos=64&sr_order=popularity&nflt=ht_id%3D204&srpvid=7d159b066d7502bc&srepoch=1700690575&all_sr_blocks=127931404_88551804_0_0_0&highlighted_blocks=127931404_88551804_0_0_0&matching_block_id=127931404_88551804_0_0_0&sr_pri_blocks=127931404_88551804_0_0_0__95300&from_sustainable_property_sr=1&from=searchresults#hotelTmpl
64,Vacancéole - Appart'Vacances Pyrénées 2000,"7,7",48.6463114,7.3951882,https://www.booking.com/hotel/fr/appart-vacances-pyrenees-2000.fr.html?label=fr-fr-booking-desktop-DCpBIW3k2*WIo8XuzMdB9AS652796013276%3Apl%3Ata%3Ap1%3Ap2%3Aac%3Aap%3Aneg%3Afi%3Atikwd-65526620%3Alp9056191%3Ali%3Adec%3Adm&aid=2311236&ucfs=1&arphpl=1&checkin=2023-12-11&checkout=2023-12-16&dest_id=73&dest_type=country&group_adults=2&req_adults=2&no_rooms=1&group_children=0&req_children=0&hpos=15&hapos=65&sr_order=popularity&nflt=ht_id%3D204&srpvid=7d159b066d7502bc&srepoch=1700690575&all_sr_blocks=17224612_372643330_0_2_0&highlighted_blocks=17224612_372643330_0_2_0&matching_block_id=17224612_372643330_0_2_0&sr_pri_blocks=17224612_372643330_0_2_0__41000&from_sustainable_property_sr=1&from=searchresults#hotelTmpl
65,"The Originals City, Hôtel Le Relais des Deux Mers, Marmande Sud","8,8",48.6463114,7.3951882,https://www.booking.com/hotel/fr/the-originals-city-le-relais-des-deux-mers-marmande-sud.fr.html?label=fr-fr-booking-desktop-DCpBIW3k2*WIo8XuzMdB9AS652796013276%3Apl%3Ata%3Ap1%3Ap2%3Aac%3Aap%3Aneg%3Afi%3Atikwd-65526620%3Alp9056191%3Ali%3Adec%3Adm&aid=2311236&ucfs=1&arphpl=1&checkin=2023-12-11&checkout=2023-12-16&dest_id=73&dest_type=country&group_adults=2&req_adults=2&no_rooms=1&group_children=0&req_children=0&hpos=16&hapos=66&sr_order=popularity&nflt=ht_id%3D204&srpvid=7d159b066d7502bc&srepoch=1700690575&all_sr_blocks=767286501_381819558_2_2_0&highlighted_blocks=767286501_381819558_2_2_0&matching_block_id=767286501_381819558_2_2_0&sr_pri_blocks=767286501_381819558_2_2_0__29665&from_sustainable_property_sr=1&from=searchresults#hotelTmpl
66,Novotel Orléans Centre Gare,"8,1",48.6463114,7.3951882,https://www.booking.com/hotel/fr/novotel-orleans-centre-gare.fr.html?label=fr-fr-booking-desktop-DCpBIW3k2*WIo8XuzMdB9AS652796013276%3Apl%3Ata%3Ap1%3Ap2%3Aac%3Aap%3Aneg%3Afi%3Atikwd-65526620%3Alp9056191%3Ali%3Adec%3Adm&aid=2311236&ucfs=1&arphpl=1&checkin=2023-12-11&checkout=2023-12-16&dest_id=73&dest_type=country&group_adults=2&req_adults=2&no_rooms=1&group_children=0&req_children=0&hpos=17&hapos=67&sr_order=popularity&nflt=ht_id%3D204&srpvid=7d159b066d7502bc&srepoch=1700690575&all_sr_blocks=1032576305_375944159_2_2_0&highlighted_blocks=1032576305_375944159_2_2_0&matching_block_id=1032576305_375944159_2_2_0&sr_pri_blocks=1032576305_375944159_2_2_0__42042&from_sustainable_property_sr=1&from=searchresults#hotelTmpl
67,Résidence Le Bois de la Reine,"7,7",48.6463114,7.3951882,https://www.booking.com/hotel/fr/le-bois-de-la-reine.fr.html?label=fr-fr-booking-desktop-DCpBIW3k2*WIo8XuzMdB9AS652796013276%3Apl%3Ata%3Ap1%3Ap2%3Aac%3Aap%3Aneg%3Afi%3Atikwd-65526620%3Alp9056191%3Ali%3Adec%3Adm&aid=2311236&ucfs=1&arphpl=1&checkin=2023-12-11&checkout=2023-12-16&dest_id=73&dest_type=country&group_adults=2&req_adults=2&no_rooms=1&group_children=0&req_children=0&hpos=18&hapos=68&sr_order=popularity&nflt=ht_id%3D204&srpvid=7d159b066d7502bc&srepoch=1700690575&all_sr_blocks=17458604_338219740_0_0_0&highlighted_blocks=17458604_338219740_0_0_0&matching_block_id=17458604_338219740_0_0_0&sr_pri_blocks=17458604_338219740_0_0_0__46200&from=searchresults#hotelTmpl
68,Premiere Classe Clermont Ferrand Centre,"8,7",48.6463114,7.3951882,https://www.booking.com/hotel/fr/premiere-classe-clermont-ferrand-centre.fr.html?label=fr-fr-booking-desktop-DCpBIW3k2*WIo8XuzMdB9AS652796013276%3Apl%3Ata%3Ap1%3Ap2%3Aac%3Aap%3Aneg%3Afi%3Atikwd-65526620%3Alp9056191%3Ali%3Adec%3Adm&aid=2311236&ucfs=1&arphpl=1&checkin=2023-12-11&checkout=2023-12-16&dest_id=73&dest_type=country&group_adults=2&req_adults=2&no_rooms=1&group_children=0&req_children=0&hpos=19&hapos=69&sr_order=popularity&nflt=ht_id%3D204&srpvid=7d159b066d7502bc&srepoch=1700690575&all_sr_blocks=455715601_195926109_2_2_0&highlighted_blocks=455715601_195926109_2_2_0&matching_block_id=455715601_195926109_2_2_0&sr_pri_blocks=455715601_195926109_2_2_0__22172&from=searchresults#hotelTmpl
69,"Radisson Blu Hotel Paris, Marne-la-Vallée","7,8",48.6463114,7.3951882,https://www.booking.com/hotel/fr/hoteldisneyresort.fr.html?label=fr-fr-booking-desktop-DCpBIW3k2*WIo8XuzMdB9AS652796013276%3Apl%3Ata%3Ap1%3Ap2%3Aac%3Aap%3Aneg%3Afi%3Atikwd-65526620%3Alp9056191%3Ali%3Adec%3Adm&aid=2311236&ucfs=1&arphpl=1&checkin=2023-12-11&checkout=2023-12-16&dest_id=73&dest_type=country&group_adults=2&req_adults=2&no_rooms=1&group_children=0&req_children=0&hpos=20&hapos=70&sr_order=popularity&nflt=ht_id%3D204&srpvid=7d159b066d7502bc&srepoch=1700690575&all_sr_blocks=5852702_94107133_2_2_0&highlighted_blocks=5852702_94107133_2_2_0&matching_block_id=5852702_94107133_2_2_0&sr_pri_blocks=5852702_94107133_2_2_0__70128&from_sustainable_property_sr=1&from=searchresults#hotelTmpl
70,Mercure Paris Vaugirard Porte De Versailles,"8,3",48.6463114,7.3951882,https://www.booking.com/hotel/fr/mercure-porte-de-versailles-vaugirard.fr.html?label=fr-fr-booking-desktop-DCpBIW3k2*WIo8XuzMdB9AS652796013276%3Apl%3Ata%3Ap1%3Ap2%3Aac%3Aap%3Aneg%3Afi%3Atikwd-65526620%3Alp9056191%3Ali%3Adec%3Adm&aid=2311236&ucfs=1&arphpl=1&checkin=2023-12-11&checkout=2023-12-16&dest_id=73&dest_type=country&group_adults=2&req_adults=2&no_rooms=1&group_children=0&req_children=0&hpos=21&hapos=71&sr_order=popularity&nflt=ht_id%3D204&srpvid=7d159b066d7502bc&srepoch=1700690575&all_sr_blocks=5410132_94273231_2_2_0&highlighted_blocks=5410132_94273231_2_2_0&matching_block_id=5410132_94273231_2_2_0&sr_pri_blocks=5410132_94273231_2_2_0__104160&from_sustainable_property_sr=1&from=searchresults#hotelTmpl
71,B&B HOTEL Troyes Magasins d'usine,"8,2",48.6463114,7.3951882,https://www.booking.com/hotel/fr/b-amp-b-troyes-magasins-d-39-usine.fr.html?label=fr-fr-booking-desktop-DCpBIW3k2*WIo8XuzMdB9AS652796013276%3Apl%3Ata%3Ap1%3Ap2%3Aac%3Aap%3Aneg%3Afi%3Atikwd-65526620%3Alp9056191%3Ali%3Adec%3Adm&aid=2311236&ucfs=1&arphpl=1&checkin=2023-12-11&checkout=2023-12-16&dest_id=73&dest_type=country&group_adults=2&req_adults=2&no_rooms=1&group_children=0&req_children=0&hpos=22&hapos=72&sr_order=popularity&nflt=ht_id%3D204&srpvid=7d159b066d7502bc&srepoch=1700690575&all_sr_blocks=610178701_238905343_0_0_0&highlighted_blocks=610178701_238905343_0_0_0&matching_block_id=610178701_238905343_0_0_0&sr_pri_blocks=610178701_238905343_0_0_0__35500&from=searchresults#hotelTmpl
72,Ace Hôtel Paris Roissy,"7,8",48.6463114,7.3951882,https://www.booking.com/hotel/fr/ace-paris-roissy.fr.html?label=fr-fr-booking-desktop-DCpBIW3k2*WIo8XuzMdB9AS652796013276%3Apl%3Ata%3Ap1%3Ap2%3Aac%3Aap%3Aneg%3Afi%3Atikwd-65526620%3Alp9056191%3Ali%3Adec%3Adm&aid=2311236&ucfs=1&arphpl=1&checkin=2023-12-11&checkout=2023-12-16&dest_id=73&dest_type=country&group_adults=2&req_adults=2&no_rooms=1&group_children=0&req_children=0&hpos=23&hapos=73&sr_order=popularity&nflt=ht_id%3D204&srpvid=7d159b066d7502bc&srepoch=1700690575&all_sr_blocks=166104401_89468360_0_34_0&highlighted_blocks=166104401_89468360_0_34_0&matching_block_id=166104401_89468360_0_34_0&sr_pri_blocks=166104401_89468360_0_34_0__38815&from=searchresults#hotelTmpl
73,Résidence Santa Terra,"8,9",48.6463114,7.3951882,https://www.booking.com/hotel/fr/residence-santa-terra.fr.html?label=fr-fr-booking-desktop-DCpBIW3k2*WIo8XuzMdB9AS652796013276%3Apl%3Ata%3Ap1%3Ap2%3Aac%3Aap%3Aneg%3Afi%3Atikwd-65526620%3Alp9056191%3Ali%3Adec%3Adm&aid=2311236&ucfs=1&arphpl=1&checkin=2023-12-11&checkout=2023-12-16&dest_id=73&dest_type=country&group_adults=2&req_adults=2&no_rooms=1&group_children=0&req_children=0&hpos=24&hapos=74&sr_order=popularity&nflt=ht_id%3D204&srpvid=7d159b066d7502bc&srepoch=1700690575&all_sr_blocks=119880602_355118482_0_0_0&highlighted_blocks=119880602_355118482_0_0_0&matching_block_id=119880602_355118482_0_0_0&sr_pri_blocks=119880602_355118482_0_0_0__86000&from=searchresults#hotelTmpl
74,Hôtel Le Bastia,"8,5",48.6463114,7.3951882,https://www.booking.com/hotel/fr/adonis-le-bastia-bastia.fr.html?label=fr-fr-booking-desktop-DCpBIW3k2*WIo8XuzMdB9AS652796013276%3Apl%3Ata%3Ap1%3Ap2%3Aac%3Aap%3Aneg%3Afi%3Atikwd-65526620%3Alp9056191%3Ali%3Adec%3Adm&aid=2311236&ucfs=1&arphpl=1&checkin=2023-12-11&checkout=2023-12-16&dest_id=73&dest_type=country&group_adults=2&req_adults=2&no_rooms=1&group_children=0&req_children=0&hpos=25&hapos=75&sr_order=popularity&nflt=ht_id%3D204&srpvid=7d159b066d7502bc&srepoch=1700690575&all_sr_blocks=630609109_368467677_2_2_0&highlighted_blocks=630609109_368467677_2_2_0&matching_block_id=630609109_368467677_2_2_0&sr_pri_blocks=630609109_368467677_2_2_0__41310&from_sustainable_property_sr=1&from=searchresults#hotelTmpl
75,La Bastide,"9,0",48.6463114,7.3951882,https://www.booking.com/hotel/fr/la-bastide-gourmande-la-colle-sur-loup.fr.html?label=fr-fr-booking-desktop-DCpBIW3k2*WIo8XuzMdB9AS652796013276%3Apl%3Ata%3Ap1%3Ap2%3Aac%3Aap%3Aneg%3Afi%3Atikwd-65526620%3Alp9056191%3Ali%3Adec%3Adm&aid=2311236&ucfs=1&arphpl=1&checkin=2023-12-11&checkout=2023-12-16&dest_id=73&dest_type=country&group_adults=2&req_adults=2&no_rooms=1&group_children=0&req_children=0&hpos=1&hapos=76&sr_order=popularity&nflt=ht_id%3D204&srpvid=061c9b110ed900f3&srepoch=1700690596&all_sr_blocks=101341201_88555432_0_2_0&highlighted_blocks=101341201_88555432_0_2_0&matching_block_id=101341201_88555432_0_2_0&sr_pri_blocks=101341201_88555432_0_2_0__55675&from_sustainable_property_sr=1&from=searchresults#hotelTmpl
76,Fasthotel Montmarault,"8,4",48.6463114,7.3951882,https://www.booking.com/hotel/fr/fasthotel-montmarault.fr.html?label=fr-fr-booking-desktop-DCpBIW3k2*WIo8XuzMdB9AS652796013276%3Apl%3Ata%3Ap1%3Ap2%3Aac%3Aap%3Aneg%3Afi%3Atikwd-65526620%3Alp9056191%3Ali%3Adec%3Adm&aid=2311236&ucfs=1&arphpl=1&checkin=2023-12-11&checkout=2023-12-16&dest_id=73&dest_type=country&group_adults=2&req_adults=2&no_rooms=1&group_children=0&req_children=0&hpos=2&hapos=77&sr_order=popularity&nflt=ht_id%3D204&srpvid=061c9b110ed900f3&srepoch=1700690596&all_sr_blocks=183266405_245344950_0_2_0&highlighted_blocks=183266405_245344950_0_2_0&matching_block_id=183266405_245344950_0_2_0&sr_pri_blocks=183266405_245344950_0_2_0__39500&from_sustainable_property_sr=1&from=searchresults#hotelTmpl
77,ibis budget Beauvais Aeroport,"8,0",48.6463114,7.3951882,https://www.booking.com/hotel/fr/ibis-budget-beauvais-aeroport.fr.html?label=fr-fr-booking-desktop-DCpBIW3k2*WIo8XuzMdB9AS652796013276%3Apl%3Ata%3Ap1%3Ap2%3Aac%3Aap%3Aneg%3Afi%3Atikwd-65526620%3Alp9056191%3Ali%3Adec%3Adm&aid=2311236&ucfs=1&arphpl=1&checkin=2023-12-11&checkout=2023-12-16&dest_id=73&dest_type=country&group_adults=2&req_adults=2&no_rooms=1&group_children=0&req_children=0&hpos=3&hapos=78&sr_order=popularity&nflt=ht_id%3D204&srpvid=061c9b110ed900f3&srepoch=1700690596&all_sr_blocks=637327301_376292335_2_2_0&highlighted_blocks=637327301_376292335_2_2_0&matching_block_id=637327301_376292335_2_2_0&sr_pri_blocks=637327301_376292335_2_2_0__50050&from=searchresults#hotelTmpl
78,ibis budget Chateaudun,"6,8",48.6463114,7.3951882,https://www.booking.com/hotel/fr/marmotte-chateaudun.fr.html?label=fr-fr-booking-desktop-DCpBIW3k2*WIo8XuzMdB9AS652796013276%3Apl%3Ata%3Ap1%3Ap2%3Aac%3Aap%3Aneg%3Afi%3Atikwd-65526620%3Alp9056191%3Ali%3Adec%3Adm&aid=2311236&ucfs=1&arphpl=1&checkin=2023-12-11&checkout=2023-12-16&dest_id=73&dest_type=country&group_adults=2&req_adults=2&no_rooms=1&group_children=0&req_children=0&hpos=4&hapos=79&sr_order=popularity&nflt=ht_id%3D204&srpvid=061c9b110ed900f3&srepoch=1700690596&all_sr_blocks=7852610_376291428_3_2_0&highlighted_blocks=7852610_376291428_3_2_0&matching_block_id=7852610_376291428_3_2_0&sr_pri_blocks=7852610_376291428_3_2_0__27045&from=searchresults#hotelTmpl
79,MAYA Appartements & Suites,"8,7",48.6463114,7.3951882,https://www.booking.com/hotel/fr/appartement-2-chambres-cosne-cours-sur-loire.fr.html?label=fr-fr-booking-desktop-DCpBIW3k2*WIo8XuzMdB9AS652796013276%3Apl%3Ata%3Ap1%3Ap2%3Aac%3Aap%3Aneg%3Afi%3Atikwd-65526620%3Alp9056191%3Ali%3Adec%3Adm&aid=2311236&ucfs=1&arphpl=1&checkin=2023-12-11&checkout=2023-12-16&dest_id=73&dest_type=country&group_adults=2&req_adults=2&no_rooms=1&group_children=0&req_children=0&hpos=5&hapos=80&sr_order=popularity&nflt=ht_id%3D204&srpvid=061c9b110ed900f3&srepoch=1700690596&all_sr_blocks=693821202_374645735_2_0_0&highlighted_blocks=693821202_374645735_2_0_0&matching_block_id=693821202_374645735_2_0_0&sr_pri_blocks=693821202_374645735_2_0_0__34720&from_sustainable_property_sr=1&from=searchresults#hotelTmpl
80,Hôtel Aiglon,"8,7",48.6463114,7.3951882,https://www.booking.com/hotel/fr/aiglon.fr.html?label=fr-fr-booking-desktop-DCpBIW3k2*WIo8XuzMdB9AS652796013276%3Apl%3Ata%3Ap1%3Ap2%3Aac%3Aap%3Aneg%3Afi%3Atikwd-65526620%3Alp9056191%3Ali%3Adec%3Adm&aid=2311236&ucfs=1&arphpl=1&checkin=2023-12-11&checkout=2023-12-16&dest_id=73&dest_type=country&group_adults=2&req_adults=2&no_rooms=1&group_children=0&req_children=0&hpos=6&hapos=81&sr_order=popularity&nflt=ht_id%3D204&srpvid=061c9b110ed900f3&srepoch=1700690596&all_sr_blocks=5432012_88918937_0_2_0&highlighted_blocks=5432012_88918937_0_2_0&matching_block_id=5432012_88918937_0_2_0&sr_pri_blocks=5432012_88918937_0_2_0__140400&from=searchresults#hotelTmpl
81,Hôtel Burdigala by Inwood Hotels,"9,1",48.6463114,7.3951882,https://www.booking.com/hotel/fr/burdigalabord.fr.html?label=fr-fr-booking-desktop-DCpBIW3k2*WIo8XuzMdB9AS652796013276%3Apl%3Ata%3Ap1%3Ap2%3Aac%3Aap%3Aneg%3Afi%3Atikwd-65526620%3Alp9056191%3Ali%3Adec%3Adm&aid=2311236&ucfs=1&arphpl=1&checkin=2023-12-11&checkout=2023-12-16&dest_id=73&dest_type=country&group_adults=2&req_adults=2&no_rooms=1&group_children=0&req_children=0&hpos=7&hapos=82&sr_order=popularity&nflt=ht_id%3D204&srpvid=061c9b110ed900f3&srepoch=1700690596&all_sr_blocks=5087412_94272158_2_2_0&highlighted_blocks=5087412_94272158_2_2_0&matching_block_id=5087412_94272158_2_2_0&sr_pri_blocks=5087412_94272158_2_2_0__116500&from=searchresults#hotelTmpl
82,MOB HOTEL Paris Les Puces,"8,0",48.6463114,7.3951882,https://www.booking.com/hotel/fr/mob-paris-les-puces.fr.html?label=fr-fr-booking-desktop-DCpBIW3k2*WIo8XuzMdB9AS652796013276%3Apl%3Ata%3Ap1%3Ap2%3Aac%3Aap%3Aneg%3Afi%3Atikwd-65526620%3Alp9056191%3Ali%3Adec%3Adm&aid=2311236&ucfs=1&arphpl=1&checkin=2023-12-11&checkout=2023-12-16&dest_id=73&dest_type=country&group_adults=2&req_adults=2&no_rooms=1&group_children=0&req_children=0&hpos=8&hapos=83&sr_order=popularity&nflt=ht_id%3D204&srpvid=061c9b110ed900f3&srepoch=1700690596&all_sr_blocks=247760201_103125868_2_10_0&highlighted_blocks=247760201_103125868_2_10_0&matching_block_id=247760201_103125868_2_10_0&sr_pri_blocks=247760201_103125868_2_10_0__64350&from_sustainable_property_sr=1&from=searchresults#hotelTmpl
83,ibis budget Troyes Est,"7,8",48.6463114,7.3951882,https://www.booking.com/hotel/fr/ibis-budget-troyes-est.fr.html?label=fr-fr-booking-desktop-DCpBIW3k2*WIo8XuzMdB9AS652796013276%3Apl%3Ata%3Ap1%3Ap2%3Aac%3Aap%3Aneg%3Afi%3Atikwd-65526620%3Alp9056191%3Ali%3Adec%3Adm&aid=2311236&ucfs=1&arphpl=1&checkin=2023-12-11&checkout=2023-12-16&dest_id=73&dest_type=country&group_adults=2&req_adults=2&no_rooms=1&group_children=0&req_children=0&hpos=9&hapos=84&sr_order=popularity&nflt=ht_id%3D204&srpvid=061c9b110ed900f3&srepoch=1700690596&all_sr_blocks=225426703_98997328_2_2_0&highlighted_blocks=225426703_98997328_2_2_0&matching_block_id=225426703_98997328_2_2_0&sr_pri_blocks=225426703_98997328_2_2_0__24398&from=searchresults#hotelTmpl
84,Hotel Eiffel Blomet,"8,7",48.6463114,7.3951882,https://www.booking.com/hotel/fr/eiffel-blomet.fr.html?label=fr-fr-booking-desktop-DCpBIW3k2*WIo8XuzMdB9AS652796013276%3Apl%3Ata%3Ap1%3Ap2%3Aac%3Aap%3Aneg%3Afi%3Atikwd-65526620%3Alp9056191%3Ali%3Adec%3Adm&aid=2311236&ucfs=1&arphpl=1&checkin=2023-12-11&checkout=2023-12-16&dest_id=73&dest_type=country&group_adults=2&req_adults=2&no_rooms=1&group_children=0&req_children=0&hpos=10&hapos=85&sr_order=popularity&nflt=ht_id%3D204&srpvid=061c9b110ed900f3&srepoch=1700690596&all_sr_blocks=226407302_99106673_0_2_0&highlighted_blocks=226407302_99106673_0_2_0&matching_block_id=226407302_99106673_0_2_0&sr_pri_blocks=226407302_99106673_0_2_0__103300&from_sustainable_property_sr=1&from=searchresults#hotelTmpl
85,DOMITYS - Le Fil de Soie,"8,3",48.6463114,7.3951882,https://www.booking.com/hotel/fr/domitys-le-fil-de-soie-calais.fr.html?label=fr-fr-booking-desktop-DCpBIW3k2*WIo8XuzMdB9AS652796013276%3Apl%3Ata%3Ap1%3Ap2%3Aac%3Aap%3Aneg%3Afi%3Atikwd-65526620%3Alp9056191%3Ali%3Adec%3Adm&aid=2311236&ucfs=1&arphpl=1&checkin=2023-12-11&checkout=2023-12-16&dest_id=73&dest_type=country&group_adults=2&req_adults=2&no_rooms=1&group_children=0&req_children=0&hpos=11&hapos=86&sr_order=popularity&nflt=ht_id%3D204&srpvid=061c9b110ed900f3&srepoch=1700690596&all_sr_blocks=568921301_216942785_2_42_0&highlighted_blocks=568921301_216942785_2_42_0&matching_block_id=568921301_216942785_2_42_0&sr_pri_blocks=568921301_216942785_2_42_0__49950&from_sustainable_property_sr=1&from=searchresults#hotelTmpl
86,Redroom Loveroom Chambre Spa privative Insolite Thème 50 nuances de grey,"8,6",48.6463114,7.3951882,https://www.booking.com/hotel/fr/redroom.fr.html?label=fr-fr-booking-desktop-DCpBIW3k2*WIo8XuzMdB9AS652796013276%3Apl%3Ata%3Ap1%3Ap2%3Aac%3Aap%3Aneg%3Afi%3Atikwd-65526620%3Alp9056191%3Ali%3Adec%3Adm&aid=2311236&ucfs=1&arphpl=1&checkin=2023-12-11&checkout=2023-12-16&dest_id=73&dest_type=country&group_adults=2&req_adults=2&no_rooms=1&group_children=0&req_children=0&hpos=12&hapos=87&sr_order=popularity&nflt=ht_id%3D204&srpvid=061c9b110ed900f3&srepoch=1700690596&all_sr_blocks=699291601_288197523_2_0_0&highlighted_blocks=699291601_288197523_2_0_0&matching_block_id=699291601_288197523_2_0_0&sr_pri_blocks=699291601_288197523_2_0_0__89000&from_sustainable_property_sr=1&from=searchresults#hotelTmpl
87,B&B HOTEL Dreux Nord,"8,5",48.6463114,7.3951882,https://www.booking.com/hotel/fr/b-amp-b-dreux-nord.fr.html?label=fr-fr-booking-desktop-DCpBIW3k2*WIo8XuzMdB9AS652796013276%3Apl%3Ata%3Ap1%3Ap2%3Aac%3Aap%3Aneg%3Afi%3Atikwd-65526620%3Alp9056191%3Ali%3Adec%3Adm&aid=2311236&ucfs=1&arphpl=1&checkin=2023-12-11&checkout=2023-12-16&dest_id=73&dest_type=country&group_adults=2&req_adults=2&no_rooms=1&group_children=0&req_children=0&hpos=13&hapos=88&sr_order=popularity&nflt=ht_id%3D204&srpvid=061c9b110ed900f3&srepoch=1700690596&all_sr_blocks=907961002_361973706_2_0_0&highlighted_blocks=907961002_361973706_2_0_0&matching_block_id=907961002_361973706_2_0_0&sr_pri_blocks=907961002_361973706_2_0_0__34200&from=searchresults#hotelTmpl
88,Hotel Le Colbert epernay,"8,0",48.6463114,7.3951882,https://www.booking.com/hotel/fr/le-colbert-epernay.fr.html?label=fr-fr-booking-desktop-DCpBIW3k2*WIo8XuzMdB9AS652796013276%3Apl%3Ata%3Ap1%3Ap2%3Aac%3Aap%3Aneg%3Afi%3Atikwd-65526620%3Alp9056191%3Ali%3Adec%3Adm&aid=2311236&ucfs=1&arphpl=1&checkin=2023-12-11&checkout=2023-12-16&dest_id=73&dest_type=country&group_adults=2&req_adults=2&no_rooms=1&group_children=0&req_children=0&hpos=14&hapos=89&sr_order=popularity&nflt=ht_id%3D204&srpvid=061c9b110ed900f3&srepoch=1700690596&all_sr_blocks=57082908_120138755_2_2_0&highlighted_blocks=57082908_120138755_2_2_0&matching_block_id=57082908_120138755_2_2_0&sr_pri_blocks=57082908_120138755_2_2_0__31320&from=searchresults#hotelTmpl
89,PADJA Hôtel & Spa Vannes,"8,4",48.6463114,7.3951882,https://www.booking.com/hotel/fr/qualys-vannes.fr.html?label=fr-fr-booking-desktop-DCpBIW3k2*WIo8XuzMdB9AS652796013276%3Apl%3Ata%3Ap1%3Ap2%3Aac%3Aap%3Aneg%3Afi%3Atikwd-65526620%3Alp9056191%3Ali%3Adec%3Adm&aid=2311236&ucfs=1&arphpl=1&checkin=2023-12-11&checkout=2023-12-16&dest_id=73&dest_type=country&group_adults=2&req_adults=2&no_rooms=1&group_children=0&req_children=0&hpos=15&hapos=90&sr_order=popularity&nflt=ht_id%3D204&srpvid=061c9b110ed900f3&srepoch=1700690596&all_sr_blocks=56813701_88546452_2_42_0&highlighted_blocks=56813701_88546452_2_42_0&matching_block_id=56813701_88546452_2_42_0&sr_pri_blocks=56813701_88546452_2_42_0__39100&from_sustainable_property_sr=1&from=searchresults#hotelTmpl
90,Domaine Des Escaunes,"9,1",48.6463114,7.3951882,https://www.booking.com/hotel/fr/domaine-des-escaunes-sernhac.fr.html?label=fr-fr-booking-desktop-DCpBIW3k2*WIo8XuzMdB9AS652796013276%3Apl%3Ata%3Ap1%3Ap2%3Aac%3Aap%3Aneg%3Afi%3Atikwd-65526620%3Alp9056191%3Ali%3Adec%3Adm&aid=2311236&ucfs=1&arphpl=1&checkin=2023-12-11&checkout=2023-12-16&dest_id=73&dest_type=country&group_adults=2&req_adults=2&no_rooms=1&group_children=0&req_children=0&hpos=16&hapos=91&sr_order=popularity&nflt=ht_id%3D204&srpvid=061c9b110ed900f3&srepoch=1700690596&all_sr_blocks=5700601_91018274_0_42_0&highlighted_blocks=5700601_91018274_0_42_0&matching_block_id=5700601_91018274_0_42_0&sr_pri_blocks=5700601_91018274_0_42_0__81900&from_sustainable_property_sr=1&from=searchresults#hotelTmpl
91,Kyriad Direct Soissons,"6,7",48.6463114,7.3951882,https://www.booking.com/hotel/fr/campanile-soissons.fr.html?label=fr-fr-booking-desktop-DCpBIW3k2*WIo8XuzMdB9AS652796013276%3Apl%3Ata%3Ap1%3Ap2%3Aac%3Aap%3Aneg%3Afi%3Atikwd-65526620%3Alp9056191%3Ali%3Adec%3Adm&aid=2311236&ucfs=1&arphpl=1&checkin=2023-12-11&checkout=2023-12-16&dest_id=73&dest_type=country&group_adults=2&req_adults=2&no_rooms=1&group_children=0&req_children=0&hpos=17&hapos=92&sr_order=popularity&nflt=ht_id%3D204&srpvid=061c9b110ed900f3&srepoch=1700690596&all_sr_blocks=24155_102710589_2_34_0&highlighted_blocks=24155_102710589_2_34_0&matching_block_id=24155_102710589_2_34_0&sr_pri_blocks=24155_102710589_2_34_0__30820&from_sustainable_property_sr=1&from=searchresults#hotelTmpl
92,Le Roi du Sundgau près de la Horse - Mooslargue,"8,3",48.6463114,7.3951882,https://www.booking.com/hotel/fr/le-roi-du-sundgau.fr.html?label=fr-fr-booking-desktop-DCpBIW3k2*WIo8XuzMdB9AS652796013276%3Apl%3Ata%3Ap1%3Ap2%3Aac%3Aap%3Aneg%3Afi%3Atikwd-65526620%3Alp9056191%3Ali%3Adec%3Adm&aid=2311236&ucfs=1&arphpl=1&checkin=2023-12-11&checkout=2023-12-16&dest_id=73&dest_type=country&group_adults=2&req_adults=2&no_rooms=1&group_children=0&req_children=0&hpos=18&hapos=93&sr_order=popularity&nflt=ht_id%3D204&srpvid=061c9b110ed900f3&srepoch=1700690596&all_sr_blocks=183494801_358309210_4_0_0&highlighted_blocks=183494801_358309210_4_0_0&matching_block_id=183494801_358309210_4_0_0&sr_pri_blocks=183494801_358309210_4_0_0__44300&from_sustainable_property_sr=1&from=searchresults#hotelTmpl
93,ibis budget Marseille Aeroport Provence,"6,8",48.6463114,7.3951882,https://www.booking.com/hotel/fr/etap-marseille-aeroport.fr.html?label=fr-fr-booking-desktop-DCpBIW3k2*WIo8XuzMdB9AS652796013276%3Apl%3Ata%3Ap1%3Ap2%3Aac%3Aap%3Aneg%3Afi%3Atikwd-65526620%3Alp9056191%3Ali%3Adec%3Adm&aid=2311236&ucfs=1&arphpl=1&checkin=2023-12-11&checkout=2023-12-16&dest_id=73&dest_type=country&group_adults=2&req_adults=2&no_rooms=1&group_children=0&req_children=0&hpos=19&hapos=94&sr_order=popularity&nflt=ht_id%3D204&srpvid=061c9b110ed900f3&srepoch=1700690596&all_sr_blocks=28490302_376292565_2_2_0&highlighted_blocks=28490302_376292565_2_2_0&matching_block_id=28490302_376292565_2_2_0&sr_pri_blocks=28490302_376292565_2_2_0__42000&from_sustainable_property_sr=1&from=searchresults#hotelTmpl
94,La Dépendance,"8,9",48.6463114,7.3951882,https://www.booking.com/hotel/fr/pavillonlouvrerivoli.fr.html?label=fr-fr-booking-desktop-DCpBIW3k2*WIo8XuzMdB9AS652796013276%3Apl%3Ata%3Ap1%3Ap2%3Aac%3Aap%3Aneg%3Afi%3Atikwd-65526620%3Alp9056191%3Ali%3Adec%3Adm&aid=2311236&ucfs=1&arphpl=1&checkin=2023-12-11&checkout=2023-12-16&dest_id=73&dest_type=country&group_adults=2&req_adults=2&no_rooms=1&group_children=0&req_children=0&hpos=20&hapos=95&sr_order=popularity&nflt=ht_id%3D204&srpvid=061c9b110ed900f3&srepoch=1700690596&all_sr_blocks=21758112_94349868_0_0_0&highlighted_blocks=21758112_94349868_0_0_0&matching_block_id=21758112_94349868_0_0_0&sr_pri_blocks=21758112_94349868_0_0_0__114870&from_sustainable_property_sr=1&from=searchresults#hotelTmpl
95,Hôtel des Arts Montmartre,"9,6",48.6463114,7.3951882,https://www.booking.com/hotel/fr/hoteldesarts.fr.html?label=fr-fr-booking-desktop-DCpBIW3k2*WIo8XuzMdB9AS652796013276%3Apl%3Ata%3Ap1%3Ap2%3Aac%3Aap%3Aneg%3Afi%3Atikwd-65526620%3Alp9056191%3Ali%3Adec%3Adm&aid=2311236&ucfs=1&arphpl=1&checkin=2023-12-11&checkout=2023-12-16&dest_id=73&dest_type=country&group_adults=2&req_adults=2&no_rooms=1&group_children=0&req_children=0&hpos=21&hapos=96&sr_order=popularity&nflt=ht_id%3D204&srpvid=061c9b110ed900f3&srepoch=1700690596&all_sr_blocks=5065702_0_2_0_0&highlighted_blocks=5065702_0_2_0_0&matching_block_id=5065702_0_2_0_0&sr_pri_blocks=5065702_0_2_0_0__123506&from_sustainable_property_sr=1&from=searchresults#hotelTmpl
96,Premiere Classe Gueret,"6,4",48.6463114,7.3951882,https://www.booking.com/hotel/fr/gueret.fr.html?label=fr-fr-booking-desktop-DCpBIW3k2*WIo8XuzMdB9AS652796013276%3Apl%3Ata%3Ap1%3Ap2%3Aac%3Aap%3Aneg%3Afi%3Atikwd-65526620%3Alp9056191%3Ali%3Adec%3Adm&aid=2311236&ucfs=1&arphpl=1&checkin=2023-12-11&checkout=2023-12-16&dest_id=73&dest_type=country&group_adults=2&req_adults=2&no_rooms=1&group_children=0&req_children=0&hpos=22&hapos=97&sr_order=popularity&nflt=ht_id%3D204&srpvid=061c9b110ed900f3&srepoch=1700690596&all_sr_blocks=5471902_187456551_3_2_0&highlighted_blocks=5471902_187456551_3_2_0&matching_block_id=5471902_187456551_3_2_0&sr_pri_blocks=5471902_187456551_3_2_0__27500&from_sustainable_property_sr=1&from=searchresults#hotelTmpl
97,Grand Hotel Dore,"8,2",48.6463114,7.3951882,https://www.booking.com/hotel/fr/grand-dore.fr.html?label=fr-fr-booking-desktop-DCpBIW3k2*WIo8XuzMdB9AS652796013276%3Apl%3Ata%3Ap1%3Ap2%3Aac%3Aap%3Aneg%3Afi%3Atikwd-65526620%3Alp9056191%3Ali%3Adec%3Adm&aid=2311236&ucfs=1&arphpl=1&checkin=2023-12-11&checkout=2023-12-16&dest_id=73&dest_type=country&group_adults=2&req_adults=2&no_rooms=1&group_children=0&req_children=0&hpos=23&hapos=98&sr_order=popularity&nflt=ht_id%3D204&srpvid=061c9b110ed900f3&srepoch=1700690596&all_sr_blocks=5351502_363196047_0_2_0&highlighted_blocks=5351502_363196047_0_2_0&matching_block_id=5351502_363196047_0_2_0&sr_pri_blocks=5351502_363196047_0_2_0__104000&from=searchresults#hotelTmpl
98,Le Hameau de mon Père,10,48.6463114,7.3951882,https://www.booking.com/hotel/fr/le-hameau-de-mon-pere.fr.html?label=fr-fr-booking-desktop-DCpBIW3k2*WIo8XuzMdB9AS652796013276%3Apl%3Ata%3Ap1%3Ap2%3Aac%3Aap%3Aneg%3Afi%3Atikwd-65526620%3Alp9056191%3Ali%3Adec%3Adm&aid=2311236&ucfs=1&arphpl=1&checkin=2023-12-11&checkout=2023-12-16&dest_id=73&dest_type=country&group_adults=2&req_adults=2&no_rooms=1&group_children=0&req_children=0&hpos=24&hapos=99&sr_order=popularity&nflt=ht_id%3D204&srpvid=061c9b110ed900f3&srepoch=1700690596&all_sr_blocks=967417503_369195746_2_42_0&highlighted_blocks=967417503_369195746_2_42_0&matching_block_id=967417503_369195746_2_42_0&sr_pri_blocks=967417503_369195746_2_42_0__473340&from_sustainable_property_sr=1&from=searchresults#hotelTmpl
99,Hotel du Nord - Ville-Haute,"8,1",48.6463114,7.3951882,https://www.booking.com/hotel/fr/du-nord-saint-flour.fr.html?label=fr-fr-booking-desktop-DCpBIW3k2*WIo8XuzMdB9AS652796013276%3Apl%3Ata%3Ap1%3Ap2%3Aac%3Aap%3Aneg%3Afi%3Atikwd-65526620%3Alp9056191%3Ali%3Adec%3Adm&aid=2311236&ucfs=1&arphpl=1&checkin=2023-12-11&checkout=2023-12-16&dest_id=73&dest_type=country&group_adults=2&req_adults=2&no_rooms=1&group_children=0&req_children=0&hpos=25&hapos=100&sr_order=popularity&nflt=ht_id%3D204&srpvid=061c9b110ed900f3&srepoch=1700690596&all_sr_blocks=327537108_266154356_2_2_0&highlighted_blocks=327537108_266154356_2_2_0&matching_block_id=327537108_266154356_2_2_0&sr_pri_blocks=327537108_266154356_2_2_0__32500&from_sustainable_property_sr=1&from=searchresults#hotelTmpl
